Date,Open,High,Low,Close,Volume
2021-05-04 18:30:00,534.2608950938493,541.9836118122386,531.4787843081839,537.1868896484375,12095639
2021-05-05 18:30:00,537.1869562021776,541.4560454222014,530.1357558518041,536.0357666015625,9169742
2021-05-06 18:30:00,538.3861652281357,549.6105322429654,534.2609598062792,545.389404296875,12894499
2021-05-09 18:30:00,548.7471467017602,553.5438697654757,545.9650353941423,549.2747802734375,8365615
2021-05-10 18:30:00,542.5114067585849,551.481296784383,541.1203511046742,545.2935180664062,8033470
2021-05-11 18:30:00,544.9097518350457,546.0129802104702,535.5081510520664,538.913818359375,6815070
2021-05-13 18:30:00,541.0723421306121,546.2048538184613,533.5414688577845,537.6187133789062,7697716
2021-05-16 18:30:00,541.0243145073039,541.0243145073039,523.6121697786473,527.3056640625,13677009
2021-05-17 18:30:00,525.2430607740416,530.4235930339753,512.8195426321055,514.54638671875,34968901
2021-05-18 18:30:00,516.0334009362834,518.5756463276349,504.80903289449975,506.72772216796875,19583966
2021-05-19 18:30:00,509.4138826089363,509.4138826089363,498.86103253993184,499.4845886230469,14036583
2021-05-20 18:30:00,501.9789456179431,511.6203529707429,500.7797350303241,509.3658752441406,10492773
2021-05-23 18:30:00,509.41389618611555,511.3325854037428,504.61711348873257,505.3846130371094,6386039
2021-05-24 18:30:00,508.3586073776761,509.22202952078516,503.1781341723412,504.71307373046875,9412913
2021-05-25 18:30:00,507.49509815072213,509.22194214062165,503.6577200872201,504.37725830078125,6908901
2021-05-26 18:30:00,504.71302386014133,505.57644591793627,497.6138619952801,498.6691589355469,22783169
2021-05-27 18:30:00,501.01953365013316,507.0154671893806,499.2447580818692,502.3146667480469,10248988
2021-05-30 18:30:00,504.1373639128902,514.2105404147865,503.75361419752085,513.1552734375,12803471
2021-05-31 18:30:00,515.6016744375572,516.5130577804827,508.74231873308275,511.2366027832031,8435896
2021-06-01 18:30:00,508.3586033154202,512.8675590697059,506.5358365063821,507.974853515625,10567595
2021-06-02 18:30:00,508.45449347124514,511.7162770818003,507.01547655364567,510.42120361328125,6290021
2021-06-03 18:30:00,512.2439493117048,514.0186950133517,509.6057219109105,511.04473876953125,4878809
2021-06-06 18:30:00,512.2918729540787,519.0072844678194,511.33252845211575,514.6422729492188,9674473
2021-06-07 18:30:00,516.225199818249,525.7227824561999,512.2918990901934,524.571533203125,12822963
2021-06-08 18:30:00,527.5454967501335,529.0804957756774,513.5869796514575,518.0479736328125,12674395
2021-06-09 18:30:00,521.7894978067526,525.5789152981572,518.3838301220699,522.9887084960938,7018193
2021-06-10 18:30:00,523.3243373810747,527.401581361752,518.0959038535259,518.8634033203125,7777365
2021-06-13 18:30:00,518.8634553811917,518.8634553811917,507.78297152756386,517.4244384765625,5714387
2021-06-14 18:30:00,519.007394075965,521.5496993003869,516.5131097747599,520.4464111328125,7264778
2021-06-15 18:30:00,521.6934863111721,521.6934863111721,513.1553080941162,514.9300537109375,10045600
2021-06-16 18:30:00,517.5683308399346,519.2472137497882,505.6244247151221,507.159423828125,10214732
2021-06-17 18:30:00,509.79749434878977,519.8706705776299,497.9016114146387,516.8486938476562,15000348
2021-06-20 18:30:00,513.2512723550748,519.870762057323,511.33258314591956,517.6642456054688,5742834
2021-06-21 18:30:00,525.7707666136325,526.6821499420122,513.7309382874855,514.5943603515625,9114558
2021-06-22 18:30:00,516.1292605686167,517.280450131076,511.0447107522513,512.33984375,4767421
2021-06-23 18:30:00,513.2513050813338,513.6830161462522,505.96023789899476,507.25537109375,6419922
2021-06-24 18:30:00,509.70169540288936,514.1147285999051,507.83096733429585,513.3472290039062,5504204
2021-06-27 18:30:00,515.1699660242505,515.1699660242505,508.88620512188334,509.6057434082031,5265796
2021-06-28 18:30:00,509.6536970785148,510.6130416771014,502.69841891210507,503.60980224609375,8713975
2021-06-29 18:30:00,505.57644411723584,508.8382276276696,503.0341988701729,504.28131103515625,5760552
2021-06-30 18:30:00,507.4951459403802,509.41389480612446,500.77973369687663,501.4032897949219,6575188
2021-07-01 18:30:00,504.23334016907563,511.33256152677205,498.86102254124575,503.6577453613281,13309063
2021-07-04 18:30:00,506.53576051935,507.01543278380717,502.0268650947768,502.6504211425781,6373586
2021-07-05 18:30:00,502.2187894918465,506.2480729419156,499.9163503279955,504.71307373046875,10494366
2021-07-06 18:30:00,501.93086341564845,509.0300842377307,501.93086341564845,508.07073974609375,6669192
2021-07-07 18:30:00,508.45445208745895,511.1406406430049,502.26667388008127,503.945556640625,5400962
2021-07-08 18:30:00,504.1373949915168,515.6495888957627,501.7390336892384,514.4503784179688,7303645
2021-07-11 18:30:00,517.0406722831455,517.0406722831455,507.1593993238676,508.1187438964844,8932790
2021-07-12 18:30:00,511.8602392226644,513.7309672491892,506.7277274664727,508.5025329589844,8138019
2021-07-13 18:30:00,507.49516739189494,509.79760647479605,505.24074922931754,508.5025329589844,6666859
2021-07-14 18:30:00,510.8528797602108,510.8528797602108,503.65773601036096,504.0894470214844,6886797
2021-07-15 18:30:00,505.5764172078885,521.3097391039412,504.5691114154338,519.1511840820312,11251138
2021-07-18 18:30:00,517.0885465467716,522.5568454826386,507.7828699660729,516.5609130859375,9130551
2021-07-19 18:30:00,514.6422804126346,514.9780092358747,501.7390310554691,504.37725830078125,7646460
2021-07-21 18:30:00,509.50982322021906,525.7228188364644,502.3626402027326,524.4756469726562,20220601
2021-07-22 18:30:00,525.4350252406111,537.8586044488627,511.09275667489237,526.0106201171875,33200836
2021-07-25 18:30:00,522.8447329744588,531.3350105109347,520.0626216129732,521.933349609375,5214592
2021-07-26 18:30:00,523.6122731252061,523.6122731252061,514.3545549581142,518.57568359375,5835018
2021-07-27 18:30:00,517.5683233688662,547.499970493946,515.985422666411,544.8137817382812,32532037
2021-07-28 18:30:00,550.761750240828,553.2560939193979,542.0317263257755,544.0942993164062,15844335
2021-07-29 18:30:00,542.8950555612336,545.3893990873551,535.124376719537,538.81787109375,10125413
2021-08-01 18:30:00,542.9910589311802,546.7804759766144,537.2349318144198,542.1755981445312,6372299
2021-08-02 18:30:00,544.9097302793779,558.3406135751804,539.2495855279512,556.61376953125,21680353
2021-08-03 18:30:00,551.6252164564913,563.0414896754295,547.1162606910301,551.0496215820312,21816567
2021-08-04 18:30:00,554.0234948345604,593.8364718288001,554.0234948345604,574.3616943359375,72423461
2021-08-05 18:30:00,570.3323951750824,591.8698045497946,564.5763281542991,583.1876831054688,29055626
2021-08-08 18:30:00,585.2022649422313,587.7925307621534,573.2584205147378,574.8892822265625,10078649
2021-08-09 18:30:00,577.7194801768686,602.4706560166278,574.0739465932377,596.9064331054688,34514358
2021-08-10 18:30:00,596.9063404275245,603.6697729449315,588.7519120516172,595.6112670898438,18731287
2021-08-11 18:30:00,597.6738042156428,603.3819097032974,591.9177374704421,597.8176879882812,8430316
2021-08-12 18:30:00,597.8178087585039,612.8315943092779,592.9731242345749,611.1527709960938,21079044
2021-08-15 18:30:00,612.7835536186888,617.8201422120799,606.3079482348016,608.274658203125,10506327
2021-08-16 18:30:00,608.2747460645254,612.064163458853,597.673933822006,600.8877563476562,11311229
2021-08-17 18:30:00,600.4560493102413,608.2267888761219,595.6113646819571,597.6259765625,7136872
2021-08-19 18:30:00,594.3161755604162,607.2673870672172,582.3243086353551,588.751953125,12770173
2021-08-22 18:30:00,593.2608901821563,604.8690081536104,582.8999441152887,597.338134765625,12790616
2021-08-23 18:30:00,602.4225959036959,602.4225959036959,591.965728853759,594.8917236328125,5885050
2021-08-24 18:30:00,597.050317185712,597.050317185712,586.1616787855507,587.552734375,8127668
2021-08-25 18:30:00,585.2023507488303,586.6413676420176,560.5470992002511,563.0414428710938,26316897
2021-08-26 18:30:00,564.8641987268874,580.789366429486,561.266626736086,570.9560546875,16444274
2021-08-29 18:30:00,571.7714981778346,599.5926122815164,566.1113528229442,595.2276000976562,40506274
2021-08-30 18:30:00,600.5998423758666,640.9404527335275,599.5925365877798,637.0550537109375,60781970
2021-08-31 18:30:00,640.8446305539551,645.9291812048521,627.4137454187547,639.3096313476562,30796359
2021-09-01 18:30:00,642.7152621833476,646.3607356179087,637.0550578528942,639.405517578125,18951106
2021-09-02 18:30:00,640.8445332223014,642.3794725421541,627.4136501269875,631.6827392578125,7920313
2021-09-05 18:30:00,637.3908582763106,638.685991316524,626.8380682122955,627.9892578125,10223448
2021-09-06 18:30:00,631.2030441367671,652.8363162283679,621.6575007746226,643.2908325195312,28185127
2021-09-07 18:30:00,650.438011809454,656.002234238517,637.9664726077632,640.7006225585938,20876941
2021-09-08 18:30:00,640.7006244742639,660.2233642980575,639.9331845994416,658.2567138671875,19784500
2021-09-12 18:30:00,663.8689170107858,668.665640068769,657.968905892146,665.1160888671875,19704664
2021-09-13 18:30:00,666.7468709576793,671.2558258839211,661.0867264967802,665.9794311523438,11694600
2021-09-14 18:30:00,668.6656393695804,705.072892613565,667.8502382078964,696.007080078125,56796797
2021-09-15 18:30:00,705.120896049818,707.0395852234345,686.3176347724132,689.3875732421875,45001991
2021-09-16 18:30:00,691.6900204248157,704.8810384772969,691.6900204248157,698.54931640625,26649321
2021-09-19 18:30:00,695.5273313771177,703.873664364521,691.0183764105964,695.4793701171875,14330899
2021-09-20 18:30:00,693.5127781569445,710.6370969109249,692.6493560989883,697.1102905273438,14216876
2021-09-21 18:30:00,697.4460441007732,702.2907877048358,694.66393301038,697.2062377929688,16348622
2021-09-22 18:30:00,703.5858735571933,710.0135178667405,693.800523305637,697.2542114257812,26497345
2021-09-23 18:30:00,699.4127467569435,722.3891754288528,698.4054408821937,709.342041015625,72175065
2021-09-26 18:30:00,714.4500478490968,715.3296955723421,701.8909976818836,706.1913452148438,11282248
2021-09-27 18:30:00,707.9995155199855,710.3451434220631,670.4688725536182,680.3890991210938,21944239
2021-09-28 18:30:00,681.219804392034,686.1066035627086,673.5475535553991,678.3854370117188,16729859
2021-09-29 18:30:00,680.046996012066,693.7300344012556,671.2507570475868,672.716796875,13911568
2021-09-30 18:30:00,671.7883186003401,671.7883186003401,652.5343758574439,660.5975952148438,14952128
2021-10-03 18:30:00,659.7178955895786,670.6643377878012,654.5379003400559,665.9730224609375,8917898
2021-10-04 18:30:00,668.9051141715344,687.5238076330542,664.9956747191077,683.4188842773438,25598885
2021-10-05 18:30:00,689.7717334451634,691.9219371060128,672.6190795281992,675.7466430664062,10406502
2021-10-06 18:30:00,679.9981359158182,686.3021190669724,675.648872522956,676.8217163085938,8121590
2021-10-07 18:30:00,679.4117320892324,683.7120796910492,673.3032329503063,679.7537841796875,6297352
2021-10-10 18:30:00,677.4081051276938,680.2913286880167,669.4915140058836,675.2090454101562,8792050
2021-10-11 18:30:00,675.3556602761828,682.5881470695534,668.7096251882083,670.8109130859375,8579567
2021-10-12 18:30:00,673.4009308944751,681.0243257286561,667.6344839674362,674.2805786132812,7062149
2021-10-13 18:30:00,677.3103793497896,678.2877392045511,666.4127931078732,670.2733764648438,9820591
2021-10-17 18:30:00,684.1519063398185,686.0577700095705,664.2626569239787,665.1911010742188,8574445
2021-10-18 18:30:00,683.1745131480538,683.1745131480538,660.157701352483,665.6797485351562,7328862
2021-10-19 18:30:00,667.9277905622099,697.7372680049622,665.9730707298983,692.41064453125,21217306
2021-10-20 18:30:00,694.853944281031,696.2222121746655,673.5963691651712,680.291259765625,8908979
2021-10-21 18:30:00,682.685867694061,689.3319028647867,668.7584895771814,678.7764282226562,6587256
2021-10-24 18:30:00,677.3104379217418,688.061397253833,659.7179590146836,675.4534301757812,9540441
2021-10-25 18:30:00,679.2651444465066,693.7789153981741,673.4009849261051,680.43798828125,10953878
2021-10-26 18:30:00,683.5655055876232,698.4702433576061,678.287738515944,686.4486694335938,11878571
2021-10-27 18:30:00,686.8395883270518,690.0648636841588,668.9050601488138,674.1339111328125,8884507
2021-10-28 18:30:00,676.5285696164802,685.1293252495776,661.7215425061789,669.8336181640625,8602343
2021-10-31 18:30:00,674.329443691216,706.4356910572762,673.9873319500789,696.368896484375,17121001
2021-11-01 18:30:00,696.3689489856555,706.7289403653789,693.4857252662096,697.7861328125,7725455
2021-11-02 18:30:00,709.3189428607549,715.916122143304,680.2424860228527,683.2722778320312,23261507
2021-11-03 18:30:00,688.0612959789923,688.8431718846705,683.3699808916152,685.2269287109375,1064714
2021-11-07 18:30:00,691.4332243099346,698.7145669808971,688.0613209626234,692.9481201171875,7565546
2021-11-08 18:30:00,695.5871216259512,700.2295816105692,689.1854255778263,697.0531616210938,5278131
2021-11-09 18:30:00,701.2556950999174,721.2915721027721,691.3354687225452,718.79931640625,15180490
2021-11-10 18:30:00,718.3594970823585,721.8779687169474,707.8528785876166,712.1043701171875,7421118
2021-11-11 18:30:00,716.4048349038017,728.1331541655284,708.8302953806033,726.6671142578125,9207508
2021-11-14 18:30:00,723.2462891691912,729.110448270563,719.5323336689846,720.8517456054688,5454742
2021-11-15 18:30:00,724.5658072067622,725.2499711327694,710.5895712325585,713.7659912109375,4639931
2021-11-16 18:30:00,708.1459825677409,715.7693765539768,700.0339087150372,703.7478637695312,8002927
2021-11-17 18:30:00,704.2855011640725,707.071012596252,691.9707906161274,698.177001953125,4469597
2021-11-21 18:30:00,723.2463351352454,738.83523766781,716.5025278787394,725.2987670898438,36884348
2021-11-22 18:30:00,728.133178401035,743.7709379371646,719.0437426013234,741.718505859375,18240414
2021-11-23 18:30:00,746.7030178501889,764.1000134034693,739.1284780748762,741.718505859375,21653712
2021-11-24 18:30:00,741.865034038544,751.1010971969378,735.7565345493041,747.8269653320312,8483653
2021-11-25 18:30:00,745.7256368311125,745.7256368311125,716.502550661463,722.024658203125,11142921
2021-11-28 18:30:00,734.974649626739,737.9067293459947,710.6383640955917,722.6110229492188,15885643
2021-11-29 18:30:00,723.2463696548876,733.2154531672807,706.2891982276846,711.7623901367188,14272616
2021-11-30 18:30:00,716.404812367493,720.7052198228394,701.9887537284474,705.898193359375,10488561
2021-12-01 18:30:00,707.5108386779667,719.0436732935625,697.9815798791517,715.9649658203125,11507427
2021-12-02 18:30:00,713.4726919176994,718.0174390905545,700.0828500154311,702.08642578125,11024093
2021-12-05 18:30:00,701.744441172204,705.5561688226277,678.1411746168538,681.8062744140625,8804487
2021-12-06 18:30:00,686.4486524700652,689.7228436912676,678.3854338757263,683.0278930664062,10238693
2021-12-07 18:30:00,689.0387571308672,702.7217962795653,686.3998733643836,698.958984375,8296393
2021-12-08 18:30:00,700.5715847471163,707.5597320965093,694.9029090930542,697.7861328125,9069515
2021-12-09 18:30:00,694.9028762097641,702.6240431400868,690.9934366811578,694.6096801757812,4251339
2021-12-12 18:30:00,698.812307990128,702.1353554139237,682.5392422714106,687.1817016601562,9896899
2021-12-13 18:30:00,685.1292844854381,690.3092799838379,672.8145737040867,675.9420776367188,9275631
2021-12-14 18:30:00,676.0886291091877,679.1673362834038,668.6118029165526,669.9312744140625,7674319
2021-12-15 18:30:00,674.2805811461395,674.2805811461395,662.2590073260808,665.9730224609375,9633006
2021-12-16 18:30:00,665.5821241994204,670.1757278830021,646.1326373842486,650.9705810546875,13850460
2021-12-19 18:30:00,644.2267546403264,646.1814742967899,630.4948013310214,643.3471069335938,11812939
2021-12-20 18:30:00,648.9181121121394,655.7107752910306,644.2756526259401,651.8990478515625,8084499
2021-12-21 18:30:00,651.8990541355764,670.4688922593784,651.8990541355764,669.2471923828125,8522226
2021-12-22 18:30:00,673.4009340289767,673.4009340289767,660.2065761053321,663.3829956054688,5602466
2021-12-23 18:30:00,666.6572135488924,667.3902335284521,657.4212095290952,661.7215576171875,3756020
2021-12-26 18:30:00,659.6690517742679,662.9920395180511,653.5116965651204,660.450927734375,3658572
2021-12-27 18:30:00,664.4580805494065,668.0254679190041,659.7667651267241,664.653564453125,3892590
2021-12-28 18:30:00,664.5558523510236,668.0254679422266,659.7179090870562,661.5260009765625,3847574
2021-12-29 18:30:00,662.1612685717674,670.2733430309886,658.9359931425962,663.9693603515625,5701612
2021-12-30 18:30:00,665.0933889231097,678.3854592415854,664.6047089900288,668.3186645507812,4598628
2022-01-02 18:30:00,672.2281052084564,676.9194206436965,667.6345018986812,675.6488647460938,2939833
2022-01-03 18:30:00,676.5773846044389,687.3283434063874,674.7692926672548,681.65966796875,6473875
2022-01-04 18:30:00,685.0315031442472,686.8395949009487,676.088637172154,684.15185546875,4586105
2022-01-05 18:30:00,686.1066809265315,704.1878398968175,684.151961037852,694.3165283203125,21642414
2022-01-06 18:30:00,697.7372057555272,698.9589055417265,685.5690639543191,688.7454833984375,4315015
2022-01-09 18:30:00,689.4296920463602,695.2449356842152,687.7193122344466,688.9898681640625,3565324
2022-01-10 18:30:00,687.0839798443861,693.4856749805527,678.8741331798,687.5238037109375,10642484
2022-01-11 18:30:00,691.9219550552933,716.1116126474038,688.2568554201251,713.668212890625,12366953
2022-01-12 18:30:00,712.4953379165026,718.994804846613,709.7098861769192,715.23193359375,5829874
2022-01-13 18:30:00,713.423811521728,714.352315280065,702.184173607765,704.2854614257812,5344096
2022-01-16 18:30:00,703.6990991827186,718.1151571173646,703.259275315067,712.1043701171875,4340924
2022-01-17 18:30:00,710.5406282174076,714.1568716809511,696.4177661110347,698.177001953125,4312058
2022-01-18 18:30:00,697.8348598771786,698.8122196249057,685.8133469107958,687.76806640625,5879490
2022-01-19 18:30:00,690.0160407961223,703.3570263527254,689.2830209227553,699.2032470703125,4812496
2022-01-20 18:30:00,693.5345509459607,697.8349583038363,673.7430132629737,679.5094604492188,6704622
2022-01-23 18:30:00,674.6714867579535,690.993408044113,662.0146648779685,674.2805786132812,11091633
2022-01-24 18:30:00,668.5141337311744,704.1389119988268,666.7060418799217,695.7335815429688,14128764
2022-01-26 18:30:00,690.504773039833,699.7896921394486,685.6179735137196,691.23779296875,8937312
2022-01-27 18:30:00,698.7146501207525,736.9294001952818,685.7646308202386,699.59423828125,21450677
2022-01-30 18:30:00,711.5179573333035,718.359476153816,703.2592548264513,712.7885131835938,10745370
2022-01-31 18:30:00,716.4048583833252,718.3595783243437,702.0376548861746,706.6801147460938,4814511
2022-02-01 18:30:00,709.6609815633582,715.1830887198898,704.1877901232397,708.634765625,3286577
2022-02-02 18:30:00,709.563320515373,712.4954003522133,702.233120923272,705.3118286132812,3651578
2022-02-03 18:30:00,704.7741803786437,706.875527966381,700.278348825319,703.8945922851562,3284198
2022-02-06 18:30:00,701.7443994520745,703.7968313551632,683.6632415274737,690.5047607421875,6833983
2022-02-07 18:30:00,695.0983184957164,698.5190778784184,685.1292363640371,692.8504028320312,7167684
2022-02-08 18:30:00,691.091183614091,709.6610223102202,686.2532996764367,703.0638427734375,10185173
2022-02-09 18:30:00,706.5823376605576,710.4917771832351,692.557187580965,707.6574096679688,6074014
2022-02-10 18:30:00,705.360680046049,708.9769237517254,694.8052046334309,698.958984375,5646980
2022-02-13 18:30:00,688.061378870615,688.061378870615,669.4915405204139,674.0851440429688,7441445
2022-02-14 18:30:00,680.2424950688517,696.9553256122347,671.0552880844695,695.4404296875,4650249
2022-02-15 18:30:00,701.1579655305535,711.7134397582796,691.9707592721138,705.4583129882812,5433910
2022-02-16 18:30:00,708.0483717917305,711.0293074731547,698.8123090629631,700.7670288085938,5107708
2022-02-17 18:30:00,695.9291056939487,703.259304952687,695.2449418324703,696.4177856445312,4099366
2022-02-20 18:30:00,692.0196403447637,700.3271991956092,687.0839849581591,693.8766479492188,4307430
2022-02-21 18:30:00,678.4832288993174,686.5953038324404,671.9349058858403,683.4188842773438,9148804
2022-02-22 18:30:00,684.2496362862022,692.8993071193354,683.6632442125348,688.4523315429688,4124469
2022-02-23 18:30:00,666.5594249868041,672.961120143625,630.8369340094494,655.7107543945312,14139461
2022-02-24 18:30:00,662.1612524574925,679.411676475088,662.1612524574925,673.058837890625,6452099
2022-02-27 18:30:00,665.5821010425676,674.3783402633945,651.3615262328939,670.9575805664062,8301523
2022-03-01 18:30:00,668.514183511193,668.514183511193,650.9217049977406,658.9849243164062,10220908
2022-03-02 18:30:00,659.7179404673583,664.4092561133521,653.46281317049,656.834716796875,6517030
2022-03-03 18:30:00,649.9443008692351,652.8275243601444,635.2839031052674,638.900146484375,7094874
2022-03-06 18:30:00,625.5103231103818,663.9694105215466,624.5329632305219,660.10888671875,12615451
2022-03-07 18:30:00,659.7179250870756,671.2996159106123,652.4854380470179,667.5368041992188,8462985
2022-03-08 18:30:00,666.5594414457927,682.1971996028788,659.0337584020324,675.8443603515625,9896395
2022-03-09 18:30:00,684.1030233759675,691.4820781449441,674.964673194363,681.9528198242188,5989327
2022-03-10 18:30:00,680.9266207563014,686.4975838428502,675.8443375957075,679.1184692382812,3353880
2022-03-13 18:30:00,672.5702487668061,688.8921116100503,672.5702487668061,684.5429077148438,4016137
2022-03-14 18:30:00,683.1745500490903,693.4368286978963,679.7537904994882,687.1817016601562,6006439
2022-03-15 18:30:00,693.9254683591007,699.3009473393472,689.0386692861492,695.8801879882812,3843706
2022-03-16 18:30:00,703.6991406783894,711.469163954043,698.8123410903451,706.5335083007812,8168953
2022-03-20 18:30:00,705.6538760296881,707.9506480252448,690.7979930247157,692.1663208007812,6317305
2022-03-21 18:30:00,692.459446180103,704.676444171989,689.869418744499,702.966064453125,3000133
2022-03-22 18:30:00,702.9661026964646,703.5524947706524,687.0840044429818,688.9898681640625,7974713
2022-03-23 18:30:00,682.1972228419685,692.8015540921543,682.0505949929255,690.358154296875,3597143
2022-03-24 18:30:00,696.1734458076419,698.2747934568903,689.8694625132108,693.2902221679688,2930336
2022-03-27 18:30:00,699.0566797465607,720.314257914317,694.0232523190763,716.4536743164062,7960258
2022-03-28 18:30:00,723.6372748790021,745.7255841794807,720.3142274446623,737.8578491210938,15833573
2022-03-29 18:30:00,745.4812066483449,752.4693532596336,727.7421019601874,732.5311889648438,9938988
2022-03-30 18:30:00,735.9519854353198,741.8161446818164,722.9531110362483,737.8578491210938,7371181
2022-03-31 18:30:00,742.5980095002817,749.2929603314922,732.2868749106802,741.3274536132812,5920139
2022-04-03 18:30:00,740.6921278187525,757.4538728667407,739.0795198814095,750.4168701171875,5783224
2022-04-04 18:30:00,750.4168622762433,756.2810212307124,743.7708273918402,749.2440185546875,3990794
2022-04-05 18:30:00,746.702966655519,763.0248889829714,745.7256067515196,758.0892333984375,7490027
2022-04-06 18:30:00,757.4539322282426,760.2393841176914,742.3537096486424,745.1392211914062,5818505
2022-04-07 18:30:00,750.9544465695792,750.9544465695792,740.447827766778,744.845947265625,5583587
2022-04-10 18:30:00,739.8614183490016,747.8757811785568,738.884058483283,740.8876342773438,4927865
2022-04-11 18:30:00,742.7446834008083,742.7446834008083,723.3440531898673,724.8590087890625,3904026
2022-04-12 18:30:00,725.2010037239972,739.3727214517573,721.2427082893196,723.881591796875,6343030
2022-04-17 18:30:00,719.9720939270044,723.392853100601,707.0220770555318,712.9839477539062,8950327
2022-04-18 18:30:00,722.268951184023,722.268951184023,700.6204059847734,707.119873046875,9957060
2022-04-19 18:30:00,713.5215877501893,727.6444503286,707.5597161823621,722.6110229492188,6632292
2022-04-20 18:30:00,727.0579744422168,727.0579744422168,713.4726494475769,719.0924682617188,6111830
2022-04-21 18:30:00,714.4501186416032,724.1260059428093,712.4953987547589,722.024658203125,5182247
2022-04-24 18:30:00,713.4238756208732,726.1784104689723,712.6419996264013,722.6110229492188,3571031
2022-04-25 18:30:00,728.1331517907964,741.7184787526492,722.3667043112608,739.1773071289062,4987848
2022-04-26 18:30:00,733.0198573115656,744.3083511835019,729.5013858577936,735.4632568359375,4571399
2022-04-27 18:30:00,733.9972579709132,737.2225335919205,727.7421309790773,730.4298706054688,6101866
2022-04-28 18:30:00,734.9746609121279,743.7709002049592,718.897078274012,722.2689819335938,7219115
2022-05-01 18:30:00,717.3821634907417,726.1295464884919,713.8147760098777,724.5657348632812,3938533
2022-05-03 18:30:00,720.3142301637016,722.6110020159242,700.767032601593,706.0447998046875,6785271
2022-05-04 18:30:00,709.5633496011682,716.5025816381439,698.0793697694688,702.6729736328125,4836692
2022-05-05 18:30:00,695.1472818494808,707.5109093879906,691.7265219387979,694.169921875,5912312
2022-05-08 18:30:00,690.1137128490549,704.1877174618708,688.5011050132636,695.3914794921875,4819274
2022-05-09 18:30:00,694.9028086093958,712.0066048831854,694.0720766517062,703.3569946289062,6746893
2022-05-10 18:30:00,703.3571150093587,718.3595664473054,700.6693751348961,706.484619140625,6919703
2022-05-11 18:30:00,699.0567204039637,706.4357762664491,685.3736807875282,689.4297485351562,6754953
2022-05-12 18:30:00,696.8575670939923,696.8575670939923,669.2471515674772,674.2805786132812,11938252
2022-05-15 18:30:00,670.322228691617,682.1971747203517,664.2626453494147,677.505859375,5412233
2022-05-16 18:30:00,679.2651226353031,693.9255209655614,675.2090552359396,691.0422973632812,4847812
2022-05-17 18:30:00,704.6764680920681,710.687255169435,673.5964360763676,680.3890991210938,18992703
2022-05-18 18:30:00,669.491543428607,677.3104227679192,652.7297969836304,658.9849243164062,7322668
2022-05-19 18:30:00,672.9122587496586,675.8443383084807,667.5367795584849,672.3258666992188,5577407
2022-05-22 18:30:00,666.3639699484315,678.1900605669632,664.2137662311245,670.322265625,3788601
2022-05-23 18:30:00,673.6453353734182,673.6453353734182,660.5486883796959,662.8455200195312,4053608
2022-05-24 18:30:00,665.826416510923,674.2806033121666,664.1648927886001,672.6190795898438,4188088
2022-05-25 18:30:00,674.3782914239647,679.7537705585036,660.5975415040167,677.9456787109375,5780597
2022-05-26 18:30:00,681.2686563677111,684.1518797917813,660.6952439132059,668.9050903320312,7131633
2022-05-29 18:30:00,671.8860383153474,687.81699188046,667.536775068354,683.223388671875,4675033
2022-05-30 18:30:00,681.7085284556581,690.6024796609224,676.9194410969378,684.347412109375,44593174
2022-05-31 18:30:00,685.6667817516261,690.2115288552319,675.5999873606753,678.9230346679688,3749781
2022-06-01 18:30:00,673.3032888803643,681.1710244941969,667.5856974193927,680.1936645507812,3466993
2022-06-02 18:30:00,681.2687157223793,684.9338153977237,669.7358806746248,670.9575805664062,6673615
2022-06-05 18:30:00,666.7549561267735,674.1828677328914,661.1839925955272,667.4879760742188,6407024
2022-06-06 18:30:00,662.7965810972584,671.6905315349055,658.0563502118655,669.78466796875,8349903
2022-06-07 18:30:00,667.0481597113303,672.2281554678026,645.4973849436276,648.2828369140625,13904149
2022-06-08 18:30:00,645.057483234395,664.0182876635178,640.2683962399674,661.0372924804688,6774925
2022-06-09 18:30:00,652.8764338752698,661.135137222469,652.8764338752698,658.1052856445312,3221484
2022-06-12 18:30:00,645.1553018493845,658.1053216428505,643.1028697434459,656.1017456054688,5982102
2022-06-13 18:30:00,653.9514543295577,673.7919070847504,653.9514543295577,666.6082763671875,8878530
2022-06-14 18:30:00,666.5105363122435,669.4914718108123,658.2518339628936,666.6571044921875,6005970
2022-06-15 18:30:00,667.6345838739777,668.4165195869543,635.2839921357761,639.388916015625,9525587
2022-06-16 18:30:00,641.1480681636502,646.7678873586823,623.5555906835501,629.0776977539062,11085830
2022-06-19 18:30:00,630.3483105078939,632.7917103783383,619.8416910649833,626.3900146484375,3883001
2022-06-20 18:30:00,627.5627695246385,643.2494436821829,625.9990175419874,639.486572265625,3515991
2022-06-21 18:30:00,633.915657270534,635.626037230418,626.9275692264279,628.2958374023438,4348884
2022-06-22 18:30:00,633.4758163545553,649.5533383094707,633.0848485497032,645.2529907226562,4336533
2022-06-23 18:30:00,647.1099565323132,660.4020867712933,647.1099565323132,656.0039672851562,5621332
2022-06-26 18:30:00,659.7179487797297,671.4462678691472,656.003992998744,668.46533203125,5284297
2022-06-27 18:30:00,667.5368518279902,669.3938596109471,660.9885281736845,665.728759765625,3216376
2022-06-28 18:30:00,661.6726140005493,673.4986442447001,659.7178943136939,672.2280883789062,5011798
2022-06-29 18:30:00,674.1828597308378,675.9420956531621,663.6273845435766,669.4426879882812,6505666
2022-06-30 18:30:00,669.3448073596392,670.2733110617246,650.921599756385,658.2029418945312,4488771
2022-07-03 18:30:00,655.3198043813914,669.9802026896999,650.9705409525972,666.4617309570312,4229588
2022-07-04 18:30:00,667.8299917727344,673.694151032533,664.6535721736768,668.9539794921875,3494504
2022-07-05 18:30:00,669.0028891322066,679.2163125916234,668.7096930763987,678.2389526367188,4697006
2022-07-06 18:30:00,676.3330155677864,680.7311348886752,669.9313204869328,671.250732421875,3485283
2022-07-07 18:30:00,672.4235357665212,680.8288061022797,671.1041239108605,679.4116821289062,2732170
2022-07-10 18:30:00,659.7178933866275,665.582052438953,644.0312798523187,645.5950317382812,18687521
2022-07-11 18:30:00,648.2339029441592,651.8012901613008,645.057483517746,647.9895629882812,7416645
2022-07-12 18:30:00,654.8311284798101,654.8311284798101,626.4876915754602,628.9310913085938,12030163
2022-07-13 18:30:00,635.2839169111465,637.4341205605853,614.515019627513,627.1229858398438,11379990
2022-07-14 18:30:00,634.2577000850195,642.6141150496798,628.6867368908083,637.0431518554688,5567877
2022-07-17 18:30:00,642.1254368448363,654.8311151994525,634.4531856997199,648.0384521484375,8982417
2022-07-18 18:30:00,659.7179593559753,661.6726792355486,648.0873522111877,657.66552734375,7836419
2022-07-19 18:30:00,664.6047217264762,664.6047217264762,653.0718870154147,655.4664306640625,4458819
2022-07-20 18:30:00,656.2971739646428,664.555877064332,656.0039779248076,662.9920654296875,3550107
2022-07-21 18:30:00,664.3115656699243,666.4617694767484,659.9134459232322,663.4807739257812,2415220
2022-07-24 18:30:00,664.604706508539,671.006401677334,661.2328030522084,663.0409545898438,2913348
2022-07-25 18:30:00,667.1458985065188,669.8336384515989,655.0755266144874,668.6119384765625,5016687
2022-07-26 18:30:00,668.4652728218061,668.4652728218061,654.5378951367431,659.6201782226562,6237523
2022-07-27 18:30:00,663.4319044277844,664.0183561741272,649.1624733998453,651.75244140625,7374170
2022-07-28 18:30:00,657.5677080662081,665.2400188314051,655.808472232313,662.6011352539062,7669970
2022-07-31 18:30:00,665.5462084682874,685.0330080132875,664.6626509411503,681.7443237304688,8812526
2022-08-01 18:30:00,687.1927569006475,687.4872560984857,668.6876616286328,674.2342529296875,6236599
2022-08-02 18:30:00,675.4124007512831,684.1004578110045,674.4306966804238,680.4682006835938,5237250
2022-08-03 18:30:00,685.4257153011358,685.720214504777,668.2458960400999,681.5970458984375,6352142
2022-08-04 18:30:00,685.2294102962354,697.0098586107839,683.6095746856015,690.7760620117188,5811092
2022-08-07 18:30:00,694.9973661895152,696.8625678583164,686.2111033121982,691.4631958007812,5918607
2022-08-09 18:30:00,700.8385418656821,704.8635044837906,693.0830559408861,702.163818359375,12201239
2022-08-10 18:30:00,705.648874236473,706.2379326301376,692.7885748740242,696.8135375976562,7142902
2022-08-11 18:30:00,696.8626127263797,699.4641524889864,693.7212076254089,696.7153930664062,4540159
2022-08-15 18:30:00,701.9183091952183,702.9000131241627,687.6836022255251,691.2177124023438,6679663
2022-08-16 18:30:00,694.064769701303,711.3918703097453,689.4507486403886,709.7229614257812,8812954
2022-08-17 18:30:00,711.7354154323878,722.5341596665343,707.7104529124982,719.785400390625,10354897
2022-08-18 18:30:00,716.8403009551149,724.1048748895344,712.7171320093852,718.90185546875,13743828
2022-08-21 18:30:00,718.4600840034419,720.96347726215,711.1464367761102,714.287841796875,8118490
2022-08-22 18:30:00,711.7354717539449,729.0134399284485,709.3302847277735,724.1049194335938,8229797
2022-08-23 18:30:00,709.6247679306166,740.4012266886416,704.8635271256345,725.23388671875,14922081
2022-08-24 18:30:00,731.1731513276063,740.2539136270551,721.7978898021373,727.4426879882812,9849958
2022-08-25 18:30:00,727.9335039133153,727.9335039133153,714.6805001333696,717.4783325195312,5928897
2022-08-28 18:30:00,704.5689878449049,711.6372687796913,702.0165214392679,707.4158935546875,5878942
2022-08-29 18:30:00,708.7903375951543,716.7421165841697,698.7769441108103,713.30615234375,8894800
2022-08-31 18:30:00,713.2079443852264,732.351172073474,713.2079443852264,721.6015014648438,11869518
2022-09-01 18:30:00,711.7353893461682,727.3445066799011,706.4832969921686,721.5524291992188,5693707
2022-09-04 18:30:00,721.5524729212148,728.3753280162025,719.8344908428309,726.8536987304688,3660135
2022-09-05 18:30:00,726.8536992098409,751.0035947602371,726.8536992098409,747.3222045898438,10166270
2022-09-06 18:30:00,741.6773414978292,747.9602708068206,673.6452690794029,739.3212280273438,126794211
2022-09-07 18:30:00,745.1133676112315,761.8023363192565,743.199032746325,755.7157592773438,10648073
2022-09-08 18:30:00,758.8572224496511,760.624277736864,748.9420356191805,751.7398681640625,4627905
2022-09-11 18:30:00,752.9670100685984,757.2865318773147,750.5127499314777,755.0776977539062,2654087
2022-09-12 18:30:00,759.8389011197003,774.4663147856409,755.9120850932419,769.9013671875,8335652
2022-09-13 18:30:00,761.8023216656852,773.9754755153552,761.5568956599939,769.017822265625,6645392
2022-09-14 18:30:00,773.5827443478147,776.1842838894634,767.69252040608,770.7357788085938,5485310
2022-09-15 18:30:00,773.5827636379693,773.5827636379693,762.2440942510789,765.3855590820312,20211162
2022-09-18 18:30:00,759.3480706886528,771.6193711199496,758.0718674274897,768.4288330078125,5760313
2022-09-19 18:30:00,772.3065614799156,782.369027645336,770.6376526687884,777.6568603515625,7936714
2022-09-20 18:30:00,777.6568509083098,782.418091361382,764.7474192854662,765.9254760742188,9966193
2022-09-21 18:30:00,776.7242237692295,780.258334233631,762.1458832870437,769.7540893554688,7721133
2022-09-22 18:30:00,773.5827614905697,773.5827614905697,754.6358860418146,757.2373657226562,9271829
2022-09-25 18:30:00,755.8630093195823,757.041066107226,739.4194672644148,741.235595703125,13144297
2022-09-26 18:30:00,744.9660999309376,751.0036038508482,743.3463241874337,746.68408203125,5965026
2022-09-27 18:30:00,741.6774036545104,756.8938163039412,741.1865516335611,747.5185546875,5546932
2022-09-28 18:30:00,749.9727683740435,754.9303614950991,745.4078208943696,750.6599731445312,5413233
2022-09-29 18:30:00,751.936211961228,794.1985583678136,747.5185438368087,785.2650756835938,7469164
2022-10-02 18:30:00,788.7010496406699,800.6287177746458,783.4488970760119,788.6519165039062,12619046
2022-10-03 18:30:00,798.125368035496,801.8067581094604,792.7259959270148,793.904052734375,5772140
2022-10-05 18:30:00,795.7201677828828,800.9231870159736,772.2574780582787,774.1717529296875,6503205
2022-10-06 18:30:00,777.509566073964,782.2217332785997,770.343138875408,778.5894165039062,6025982
2022-10-09 18:30:00,770.5885756812567,780.2583362255252,765.4346296217468,777.8531494140625,3519416
2022-10-10 18:30:00,782.9089414197812,782.9089414197812,761.8023053815049,766.0236206054688,3699862
2022-10-11 18:30:00,766.0236287258572,767.054405954962,755.1267381579642,761.3605346679688,5984299
2022-10-12 18:30:00,760.8206461867753,764.7474624251587,753.6051453161302,754.832275390625,2842056
2022-10-13 18:30:00,765.6800747639609,765.6800747639609,749.0892525902992,751.9362182617188,3608210
2022-10-16 18:30:00,747.0767703541887,756.8938107004988,745.9477867469794,751.9852905273438,4566333
2022-10-17 18:30:00,755.7648217009248,771.2266601360432,754.5868248025399,768.821533203125,4391263
2022-10-18 18:30:00,773.5336968872532,774.2209016870277,765.2382859094183,769.0669555664062,5219180
2022-10-19 18:30:00,767.6925298482612,779.4729778766232,764.0602130558248,778.3931274414062,4756732
2022-10-20 18:30:00,775.5461565302794,788.1610289064589,775.3007305313774,782.85986328125,4807736
2022-10-23 18:30:00,785.3632501233106,792.7260305932167,785.3632501233106,787.4248046875,522406
2022-10-24 18:30:00,791.4006900364527,791.596982898331,784.0869833778071,787.62109375,3184277
2022-10-26 18:30:00,791.7442909605968,807.1570560355239,789.4863837016234,802.1503295898438,8159181
2022-10-27 18:30:00,804.0155948434127,809.3168205350383,796.4564618825607,801.9049072265625,3905093
2022-10-30 18:30:00,807.9424345309918,818.5448263054221,804.9973223759579,816.7777709960938,5487233
2022-10-31 18:30:00,812.85096369513,826.0548953185559,806.0281084775233,820.2628173828125,10488759
2022-11-01 18:30:00,814.8143810695069,814.8143810695069,792.4806133956138,795.0330200195312,11729925
2022-11-02 18:30:00,794.9348679451705,809.3168564885311,789.4864223591243,803.6720581054688,5897840
2022-11-03 18:30:00,800.7759909945963,806.7643616232242,794.3949147857317,801.4631958007812,3768226
2022-11-06 18:30:00,802.0521634317738,808.9731646086626,794.1985314765055,807.6478881835938,7171570
2022-11-08 18:30:00,809.1204971351324,810.3967004277043,799.5488825631517,804.064697265625,3969171
2022-11-09 18:30:00,804.8009389747174,815.5015366984395,802.5921049424456,810.64208984375,4425290
2022-11-10 18:30:00,815.5505935408582,821.5880970752302,808.7277387944719,811.7710571289062,4325441
2022-11-13 18:30:00,803.0338792262891,815.5996785556739,802.0521752174549,806.862548828125,10406576
2022-11-14 18:30:00,807.5988153507167,823.40422570081,807.5988153507167,819.96826171875,6229710
2022-11-15 18:30:00,822.1771313201261,828.6072807813857,812.900016183031,825.8094482421875,3445345
2022-11-16 18:30:00,826.3984358198002,833.8594223568892,823.0606780876585,830.6688842773438,4545534
2022-11-17 18:30:00,834.3993538966938,836.2645556062275,815.8941969443124,821.9807739257812,7405949
2022-11-20 18:30:00,821.686255925598,837.1971672915174,819.7228479066598,835.62646484375,5527122
2022-11-21 18:30:00,837.7862162822815,844.8053639204405,829.6380251600146,832.09228515625,7601660
2022-11-22 18:30:00,836.264591518731,836.264591518731,826.2021247596388,827.8219604492188,4596816
2022-11-23 18:30:00,830.5216327133195,835.4301530012232,822.4225742382782,832.82861328125,3455310
2022-11-24 18:30:00,836.4118176923758,844.2654497833842,826.2020720066821,831.3560180664062,2991065
2022-11-27 18:30:00,824.8768120130362,836.9517596101363,820.7536430993179,822.0789794921875,3668846
2022-11-28 18:30:00,823.6496424932342,829.3435136161709,819.7228265576288,820.5572509765625,2680296
2022-11-29 18:30:00,819.5265299782925,836.4118516430412,817.3667690819071,833.2213134765625,6874390
2022-11-30 18:30:00,837.3934960947137,837.5898488746756,826.2020467398991,833.073974609375,4506664
2022-12-01 18:30:00,835.8227938594199,836.3627190655815,823.7477869515849,833.1231079101562,3505272
2022-12-04 18:30:00,835.4301540434544,836.0191525113535,825.4658338791947,828.6563720703125,3311316
2022-12-05 18:30:00,829.4417567960588,829.5399032314247,814.5198435944765,818.10302734375,5567349
2022-12-06 18:30:00,822.2261871778288,826.2020764616485,816.7777418690048,818.7411499023438,3771882
2022-12-07 18:30:00,817.7594658375385,824.8277469137038,811.182036781684,817.3667602539062,4822179
2022-12-08 18:30:00,815.1088204662198,821.2935436920121,808.8750240240435,819.6246948242188,4615843
2022-12-11 18:30:00,817.3667000406972,821.6371482538832,810.2984794036884,813.2435913085938,3149823
2022-12-12 18:30:00,806.9607034967344,824.631375836079,806.9607034967344,822.717041015625,3832999
2022-12-13 18:30:00,825.2694529213788,826.5947292919356,812.9981534960235,814.0289306640625,7491333
2022-12-14 18:30:00,813.8326799083945,815.7960880625764,809.2677319825369,811.2311401367188,2996482
2022-12-15 18:30:00,809.9057944340389,817.4649271657812,804.8991280358292,807.6969604492188,4309644
2022-12-18 18:30:00,807.6478754409914,829.5889354024661,806.9606706720564,825.0240478515625,6397169
2022-12-19 18:30:00,824.3859608981825,824.3859608981825,806.960714329629,813.7835693359375,2828863
2022-12-20 18:30:00,817.759494116031,817.8085673360672,797.4872810087952,799.1071166992188,5079337
2022-12-21 18:30:00,804.0155984965888,809.6113234368502,794.6894102356393,801.6594848632812,3626834
2022-12-22 18:30:00,799.1070730131855,802.984815879435,790.2717368250791,793.85498046875,2804496
2022-12-25 18:30:00,790.3208362032854,800.2851563126455,786.4922263461145,796.1619873046875,6023206
2022-12-26 18:30:00,800.0887478002287,804.4573425173077,790.2717079499191,799.8923950195312,1782053
2022-12-27 18:30:00,798.1253780432439,799.0089356394576,786.7867084569486,789.0936889648438,2907741
2022-12-28 18:30:00,792.2842243662966,809.6603976577076,746.1932082358582,805.7335815429688,6110313
2022-12-29 18:30:00,809.6113551115242,809.7095015507273,790.2226998104757,791.3516235351562,3113243
2023-01-01 18:30:00,791.4988568756722,801.266823744217,790.860725302746,798.6162109375,1626846
2023-01-02 18:30:00,795.5238202464974,803.8192311116688,793.7076917960417,802.6411743164062,1717603
2023-01-03 18:30:00,803.9665345044845,805.4390905625847,791.4498080106325,796.9473266601562,2970216
2023-01-04 18:30:00,809.9057770219532,809.9057770219532,789.044567613812,792.333251953125,5297349
2023-01-05 18:30:00,792.7750708354946,797.3890917217311,777.5095852799152,781.4364013671875,3199618
2023-01-08 18:30:00,788.0138555224498,806.4698797397402,786.3940198672135,804.4083251953125,4340729
2023-01-09 18:30:00,810.9856522122543,810.9856522122543,775.8406609188231,778.343994140625,8392344
2023-01-10 18:30:00,760.820633255602,765.3855810225194,737.8978678210268,751.5435180664062,28389020
2023-01-11 18:30:00,751.0035976792288,755.2249131073286,739.7630743315797,743.0518188476562,12732671
2023-01-12 18:30:00,743.1499180940611,751.9361807606347,738.2413981594901,750.3163452148438,12279288
2023-01-15 18:30:00,752.3779741606388,754.0468230360615,740.8429520902176,745.2606201171875,5779293
2023-01-16 18:30:00,745.2606464159657,754.8322608121636,744.8679408323276,751.6907958984375,6594428
2023-01-17 18:30:00,754.1450197432637,765.7291148821483,751.9852589740073,762.3422241210938,5800899
2023-01-18 18:30:00,761.8023042827073,762.2931562828894,751.6416918463194,757.87548828125,4169463
2023-01-19 18:30:00,761.6550125207739,761.6550125207739,744.4261195739152,750.463623046875,6289718
2023-01-22 18:30:00,753.8505766052888,761.8023555762649,749.8746272013396,758.562744140625,2685320
2023-01-23 18:30:00,758.8572006373812,763.3239419045307,747.0767525032951,761.458740234375,5012125
2023-01-24 18:30:00,760.7715226474331,766.219967834119,753.9486679008371,762.2931518554688,6560514
2023-01-26 18:30:00,760.7714906767867,764.6492332764369,751.788875535727,760.3297119140625,6745926
2023-01-29 18:30:00,757.4828091700936,760.7715536372532,749.0401784394701,756.1084594726562,5420851
2023-01-30 18:30:00,760.8206249388401,764.7474410675567,754.3414022938413,756.2066040039062,8537557
2023-01-31 18:30:00,761.7532731784574,770.2941104374823,742.7572637701757,755.028564453125,4472974
2023-02-01 18:30:00,751.1017445100825,766.7108628687771,751.0526712912862,763.5203247070312,2841909
2023-02-02 18:30:00,765.6309754106807,780.40560866256,764.1584194071354,778.3931274414062,5493687
2023-02-05 18:30:00,775.2516542682598,780.1111010111111,764.5510567908078,774.8098754882812,2407975
2023-02-06 18:30:00,779.3748110122416,781.2890858319015,768.6742136996157,771.5211791992188,4126502
2023-02-07 18:30:00,763.7656665699154,766.7107783947351,751.0035153290299,760.918701171875,9951783
2023-02-08 18:30:00,755.9120975951042,760.9187641442599,747.3712606126107,752.6234130859375,5913945
2023-02-09 18:30:00,754.8813040108374,759.0535460176199,747.0767452144588,757.826416015625,2954992
2023-02-12 18:30:00,756.893772222126,765.3364025233691,752.6724570715045,754.5376586914062,3705892
2023-02-13 18:30:00,754.9303908698588,763.3730214687704,752.181631599408,761.0169677734375,3502010
2023-02-14 18:30:00,760.8206492791339,772.7483776190879,758.0718898847854,771.0303955078125,3602838
2023-02-15 18:30:00,775.2025900854295,776.0370145207571,766.318120921805,770.0977172851562,3399428
2023-02-16 18:30:00,771.5702619489032,773.0428179320419,756.2065705574408,762.587646484375,3093216
2023-02-19 18:30:00,766.9562688387239,779.2766423576574,762.8821731712691,764.8947143554688,3381774
2023-02-20 18:30:00,768.7232635410193,773.5827100612623,763.912950152878,764.7964477539062,2769616
2023-02-21 18:30:00,762.7840065367651,767.348954095391,752.4761145565385,758.0227661132812,3261898
2023-02-22 18:30:00,759.8389062295378,763.2748702757954,747.9111785015747,748.9910888671875,4062194
2023-02-23 18:30:00,761.5078390836892,761.605985520727,741.186553384682,743.2481079101562,4357223
2023-02-26 18:30:00,739.2230853939284,740.5974949118436,724.9393046917207,739.1249389648438,6719439
2023-02-27 18:30:00,741.1865259043975,743.2480803534373,726.1173933517374,728.6697998046875,10562614
2023-02-28 18:30:00,728.817085888614,739.6649032883136,727.4426762979957,736.474365234375,3744982
2023-03-01 18:30:00,737.2597411733232,738.04509242923,722.337827637255,726.5591430664062,4910541
2023-03-02 18:30:00,731.3695289737326,751.887167915011,729.9460460947224,750.4146118164062,5759333
2023-03-05 18:30:00,752.6724861384948,761.7041751304351,751.1017237512027,752.5742797851562,4597345
2023-03-07 18:30:00,750.0218742423356,755.8139519505957,746.7822629472319,752.5252075195312,3546995
2023-03-08 18:30:00,780.4547225536338,780.4547225536338,756.1084740098667,759.2499389648438,5240056
2023-03-09 18:30:00,758.8571668486218,764.6983174387154,754.1449997884921,759.5934448242188,4113931
2023-03-12 18:30:00,763.2258238497783,763.5693962990811,749.1874679516965,751.298095703125,3447889
2023-03-13 18:30:00,750.0218589372971,762.5385849863162,750.0218589372971,757.6791381835938,3753502
2023-03-14 18:30:00,744.1316729899942,751.5435266145797,738.7323006925733,742.806396484375,8101060
2023-03-15 18:30:00,736.2780133116287,745.1133494713682,729.8969371962612,732.3021240234375,7465693
2023-03-16 18:30:00,736.2780314382841,745.5551466180983,725.6265665508607,743.3953857421875,9306857
2023-03-19 18:30:00,741.1374529084437,745.8986933804077,735.099949291167,740.9901733398438,3566109
2023-03-20 18:30:00,746.0950151948872,751.9852389990573,741.3337749205649,743.100830078125,5332221
2023-03-21 18:30:00,747.0767841934193,749.2365450933078,739.3704313461932,742.85546875,2680654
2023-03-22 18:30:00,744.1316934935986,751.78897334269,743.0027098329189,749.5801391601562,2454948
2023-03-23 18:30:00,749.5800945982828,752.9669854605127,744.9660737075972,748.500244140625,2336818
2023-03-26 18:30:00,749.040118225919,755.6175467130353,745.456874820104,747.81298828125,2258853
2023-03-27 18:30:00,751.5925972089484,751.5925972089484,729.2097568378593,734.7564086914062,4166723
2023-03-28 18:30:00,737.2596895776147,741.0883590701005,725.3319622435639,729.9950561523438,4891868
2023-03-30 18:30:00,738.3887173758151,739.2231418421177,728.4734706244667,735.2963256835938,5796532
2023-04-02 18:30:00,741.1865642242252,747.9603461957778,738.2905252677364,746.635009765625,2120667
2023-04-04 18:30:00,753.9486748268059,753.9486748268059,742.168226782637,749.48193359375,3197932
2023-04-05 18:30:00,748.6474737904638,754.6359043603734,745.2115096649032,751.9362182617188,1777379
2023-04-09 18:30:00,754.8813357611016,762.0968365089319,752.4270756538859,755.6666870117188,1701065
2023-04-10 18:30:00,761.8023957411709,761.8023957411709,754.0960423805049,759.9862670898438,3485481
2023-04-11 18:30:00,759.838908975374,760.3788342009026,751.1017192587907,756.991943359375,3794841
2023-04-12 18:30:00,755.9120910722048,757.0410746561244,751.4453497904697,753.0160522460938,4292170
2023-04-16 18:30:00,774.5644531711364,774.5644531711364,740.548385727987,745.75146484375,9083437
2023-04-17 18:30:00,751.0035553430405,751.0035553430405,738.7813286351388,745.849609375,4051481
2023-04-18 18:30:00,747.4203020720113,752.8196739682701,742.1682097403054,750.6599731445312,3429794
2023-04-19 18:30:00,750.0218517401264,759.5934656857628,748.6474421805498,758.1699829101562,2355441
2023-04-20 18:30:00,755.5194130415359,761.0660648923665,750.4636731342493,751.199951171875,4524208
2023-04-23 18:30:00,751.1999622403409,753.3597231662242,741.8247004067945,746.3405151367188,5271105
2023-04-24 18:30:00,750.9545384090085,762.7840604385525,747.8130734093531,758.4645385742188,5773233
2023-04-25 18:30:00,765.6309528073118,765.6309528073118,753.0650940132692,759.2989501953125,5057352
2023-04-26 18:30:00,757.8755208747218,774.7608423908557,757.2373892796585,772.1102294921875,4129769
2023-04-27 18:30:00,775.3988499366408,787.3756502492918,772.7973703900296,784.6759643554688,6572656
2023-05-01 18:30:00,785.6086674477704,792.0388170033259,774.122718058094,775.7425537109375,6301210
2023-05-02 18:30:00,779.9638442468628,779.9638442468628,762.9803766767839,765.0419311523438,3908267
2023-05-03 18:30:00,765.0419707764087,778.1968292991446,759.4953787246694,774.6626586914062,2457671
2023-05-04 18:30:00,774.6626241134201,776.4788125153248,765.9745674376467,772.8955688476562,1438467
2023-05-07 18:30:00,775.4480634220472,780.7492294117925,770.8340423417138,779.2276000976562,2489174
2023-05-08 18:30:00,782.3199323269688,783.7433551753904,776.0370028337971,779.0802612304688,2486331
2023-05-09 18:30:00,782.4181655440915,782.9580908139112,773.6319018896089,781.4855346679688,2737334
2023-05-10 18:30:00,780.0129037322193,780.0129037322193,769.3614392652462,774.1717529296875,4808171
2023-05-11 18:30:00,773.0919153832868,779.1784922880913,770.1468033246839,777.4605102539062,2576010
2023-05-14 18:30:00,778.4912738601289,787.8174618824129,775.1043830683449,782.4671630859375,7569060
2023-05-15 18:30:00,786.1976454678745,786.5903510457644,769.6559565926731,772.9446411132812,4846217
2023-05-16 18:30:00,773.5827628244319,783.0562305243732,769.5578003354951,777.7550048828125,6529233
2023-05-17 18:30:00,783.3507479561426,788.3083413570749,780.111136619189,784.72509765625,11383252
2023-05-18 18:30:00,784.7250660571056,793.5604020303593,778.7366956426163,791.0079956054688,3432240
2023-05-21 18:30:00,786.3448968640175,789.290008837291,784.8723408773808,787.1793212890625,9996762
2023-05-22 18:30:00,794.1494841873458,794.1494841873458,783.3507398963017,785.3141479492188,6516636
2023-05-23 18:30:00,788.2101658638351,788.2101658638351,780.4546802935354,786.7376098632812,9104329
2023-05-24 18:30:00,784.9704899616826,810.3966473842463,783.2525079714676,807.6478881835938,9570396
2023-05-25 18:30:00,812.7527690719038,814.1761919432759,798.518061010525,802.9848022460938,6150206
2023-05-28 18:30:00,814.2253379983717,814.2253379983717,803.0338882051465,806.2244262695312,3684829
2023-05-29 18:30:00,806.2244674198897,811.2311342090853,797.929056045393,803.4757080078125,5148256
2023-05-30 18:30:00,804.0156022056248,872.4894584374225,803.0338981736277,834.3502807617188,47342125
2023-05-31 18:30:00,822.6188586068683,822.6188586068683,807.9423721831552,812.8018188476562,9713155
2023-06-01 18:30:00,817.5631176160166,823.9441939157261,811.820172913662,821.1954345703125,6834131
2023-06-04 18:30:00,823.1588106606805,825.9566431159367,816.9250141776218,819.2319946289062,5298053
2023-06-05 18:30:00,819.2320073961848,822.9133974833456,811.0348027694902,814.2744140625,2722174
2023-06-06 18:30:00,813.7344566733483,831.9941268166318,812.1146211316327,828.8035888671875,4110739
2023-06-07 18:30:00,832.1905392690352,833.8594481459502,819.2811069805442,820.70458984375,4050621
2023-06-08 18:30:00,823.2078985203891,824.4350285521464,813.7835638438763,818.2503051757812,3332436
2023-06-11 18:30:00,819.5756006659927,827.6746590635796,816.5323420839804,821.0481567382812,1569715
2023-06-12 18:30:00,822.766168143948,828.558246202082,817.5140752663316,819.0847778320312,3224345
2023-06-13 18:30:00,816.7777079664461,818.6920427031835,804.0155562794703,812.8018188476562,5108720
2023-06-14 18:30:00,811.8692235911873,818.5447989356941,809.1204643220914,814.5198364257812,3865201
2023-06-15 18:30:00,807.4514991605663,824.6313182916422,805.7825904612853,822.4715576171875,4907797
2023-06-18 18:30:00,824.631337054231,824.631337054231,812.3600373956859,812.9981689453125,3017364
2023-06-19 18:30:00,812.9491130849568,818.4466918056181,811.7219830024602,815.992431640625,2691557
2023-06-20 18:30:00,816.7777301847437,825.3676402077203,815.2070277479253,823.649658203125,3022724
2023-06-21 18:30:00,821.3917564645106,828.0673317432424,819.4283484461508,827.380126953125,4380046
2023-06-22 18:30:00,828.5582523381042,846.965204034004,825.956712531032,839.16064453125,7667340
2023-06-25 18:30:00,841.6638975644546,841.6638975644546,830.8651536012538,836.3627319335938,4431992
2023-06-26 18:30:00,840.8294681734377,855.4077484703582,837.9825026325549,849.0758056640625,5533649
2023-06-27 18:30:00,853.5916357274691,857.6165981965239,847.7995581076513,856.2422485351562,6272649
2023-06-29 18:30:00,863.8995543652205,866.8446664823747,851.1864750758132,862.6724243164062,5217511
2023-07-02 18:30:00,863.8994878781538,867.973583294052,858.5982625078832,863.0650634765625,3333167
2023-07-03 18:30:00,857.8129315608896,857.8129315608896,837.6879998343345,849.3212280273438,7397493
2023-07-04 18:30:00,852.1190997179135,855.0642118137127,847.259652776153,850.7938232421875,4284477
2023-07-05 18:30:00,848.5358732272798,861.8380110642725,847.6523755317137,853.7389526367188,6365222
2023-07-06 18:30:00,849.173993000573,867.4336641427969,846.7197329051955,854.5242919921875,18763997
2023-07-09 18:30:00,851.1373670810265,873.3238534896889,849.1739590831463,869.2007446289062,4310681
2023-07-10 18:30:00,873.7165256153984,876.808917061082,870.0842089746548,875.581787109375,3353977
2023-07-11 18:30:00,873.66748046875,879.312278427949,866.9427721662826,873.66748046875,3033186
2023-07-12 18:30:00,875.0418399403195,876.9561747316848,867.0900614758267,868.8571166992188,4228714
2023-07-13 18:30:00,868.8080835745823,873.9620298330756,863.5559908785493,870.2806396484375,3860080
2023-07-16 18:30:00,869.7897261307073,880.2448974832952,859.9726863323924,862.0342407226562,5614592
2023-07-17 18:30:00,861.0035639116006,864.0959557759929,847.357912952075,859.432861328125,4731911
2023-07-18 18:30:00,859.4328075592721,860.954436826528,851.3337492880989,854.8187866210938,6641825
2023-07-19 18:30:00,855.0641900723869,870.4769549655347,852.1190780514717,868.6607666015625,3779959
2023-07-20 18:30:00,862.0342484095111,875.5818113867556,858.7946372308703,869.7897338867188,7001587
2023-07-23 18:30:00,868.8080600215098,876.2689866260627,864.6848911428009,871.9004516601562,4125577
2023-07-24 18:30:00,871.7531766392531,878.330605608849,863.015986824922,867.4827880859375,3652262
2023-07-25 18:30:00,870.2806587390963,880.0976994468132,867.1391937289347,873.1276245117188,2845581
2023-07-26 18:30:00,873.0784685062312,884.9080501839653,871.9004715869277,878.7723999023438,3445446
2023-07-27 18:30:00,883.4354939517375,883.4354939517375,874.2565251810664,878.7232666015625,2314339
2023-07-30 18:30:00,877.6433706110278,881.3738338044303,869.0534606637722,873.618408203125,4424817
2023-07-31 18:30:00,878.1342583104396,880.9812239760907,871.9004616626513,875.33642578125,2087412
2023-08-01 18:30:00,867.0409669708703,874.3546736043062,856.6348688335829,862.0342407226562,3328903
2023-08-02 18:30:00,858.9910763479985,865.9120781794528,849.2721819167905,855.75146484375,4642067
2023-08-03 18:30:00,853.1008339310042,876.6126583112989,850.3520745280373,873.373046875,7066276
2023-08-06 18:30:00,868.9553531806273,884.073559414361,867.9245160059864,875.0910034179688,4086452
2023-08-07 18:30:00,875.6799670545278,877.9378742683986,864.3412978504615,869.2007446289062,3282856
2023-08-08 18:30:00,868.8080636025412,881.0302907182687,862.7214866534983,867.5318603515625,3185159
2023-08-09 18:30:00,865.8629587692443,867.7282204029109,852.3154550715126,858.794677734375,3439922
2023-08-10 18:30:00,859.9781172257823,861.6546921077359,853.0746231654836,858.548095703125,2812690
2023-08-13 18:30:00,858.49882301156,858.5974202807814,845.7766452099597,855.0963745117188,2665905
2023-08-15 18:30:00,858.005693480659,861.9505472437885,841.4373197142536,845.1356201171875,3962408
2023-08-16 18:30:00,845.3822058603738,847.9956354623415,838.281456776003,844.8890991210938,3013019
2023-08-17 18:30:00,844.8890595481474,850.1159787009581,840.500397735373,844.4452514648438,4929835
2023-08-20 18:30:00,843.8535058567716,861.950497370543,842.3248269570565,859.9287719726562,3220142
2023-08-21 18:30:00,858.9918886146853,867.8185107603136,854.2580762385547,865.5502319335938,3333869
2023-08-22 18:30:00,864.9092398147608,864.9092398147608,854.8498500723608,856.1812744140625,1860153
2023-08-23 18:30:00,860.9643023842145,862.6408772111002,852.2856364607746,857.4632568359375,2842728
2023-08-24 18:30:00,857.4633060163329,863.8736935151591,849.2283874977792,861.4574584960938,3124339
2023-08-27 18:30:00,861.9998317881169,863.6764066487824,853.9128696671406,858.350830078125,3094455
2023-08-28 18:30:00,858.0057376757268,858.0057376757268,836.8021476067289,843.4097900390625,14064286
2023-08-29 18:30:00,847.9955846502774,850.7076715538085,844.6424951403073,845.924560546875,3261665
2023-08-30 18:30:00,843.7056454952223,847.6504994776662,835.3721294185701,844.59326171875,12528190
2023-08-31 18:30:00,841.3880157216618,855.5894530622558,840.9935062703851,854.0115356445312,4427899
2023-09-03 18:30:00,853.8142914881948,857.463293279756,847.8477121743447,853.3704833984375,3102649
2023-09-04 18:30:00,851.2007735241998,855.8359886086195,846.56561863347,853.9622192382812,2216754
2023-09-05 18:30:00,855.1949652904892,870.2347194892997,853.8635410976602,868.1636352539062,4235096
2023-09-06 18:30:00,868.1636721404094,871.5168218866454,861.1122822179088,863.2326049804688,4532834
2023-09-07 18:30:00,869.6429936291222,878.3710186318876,866.0433507130305,873.6371459960938,3741470
2023-09-10 18:30:00,875.7575353033365,879.9982410594229,871.4181720869694,878.5189208984375,2733894
2023-09-11 18:30:00,882.5624110606462,884.1403284505667,872.7988741536548,878.1244506835938,4106031
2023-09-12 18:30:00,875.8067842822528,905.3438871940422,873.3412508203954,902.533203125,5222561
2023-09-13 18:30:00,907.6122163591562,907.9080683522764,897.5528272372292,902.3359985351562,5513106
2023-09-14 18:30:00,900.0183392793422,935.6206797098024,897.4542084754597,923.2437133789062,14003428
2023-09-17 18:30:00,916.5867864397319,922.8985162790999,905.3439292538741,907.5136108398438,2977375
2023-09-19 18:30:00,898.4404442785624,906.6260037958198,892.3259089088394,898.1445922851562,5241903
2023-09-20 18:30:00,897.651462729919,907.4642982518225,890.8958647182594,905.2946166992188,4896202
2023-09-21 18:30:00,905.2946469856972,909.6339500423854,891.3397026135427,898.8349609375,6112928
2023-09-24 18:30:00,899.4266723357491,900.7580364245587,889.6138364047512,897.8487548828125,5278045
2023-09-25 18:30:00,897.4542161101915,908.2532651449808,895.4817892615977,900.1170043945312,5355047
2023-09-26 18:30:00,902.3360080005025,908.3518859672541,894.9394071264512,907.5629272460938,4713145
2023-09-27 18:30:00,913.2336393937695,919.1509199945931,905.9356359086107,912.8884887695312,7386917
2023-09-28 18:30:00,919.1508837249997,923.490246738516,909.0914950618039,913.6281127929688,5608557
2023-10-02 18:30:00,905.5904812892251,915.4526155804227,903.4207997064234,912.5432739257812,4338272
2023-10-03 18:30:00,905.6397695897889,913.184326313958,905.6397695897889,911.5077514648438,5603669
2023-10-04 18:30:00,912.2967733498577,916.784032673227,906.7247032691707,916.0443725585938,7063132
2023-10-05 18:30:00,916.3895554485728,916.3895554485728,911.5570854361968,913.282958984375,2420855
2023-10-08 18:30:00,905.3439637249619,915.2553970407287,903.9139421574639,911.8036499023438,2248103
2023-10-09 18:30:00,911.8036443363156,940.8969414679625,908.3518972190016,935.2755126953125,7897875
2023-10-10 18:30:00,935.4234457782845,943.6090052735049,934.9303390593714,942.425537109375,5645289
2023-10-11 18:30:00,942.4255453988175,943.609013573357,933.9441338363861,937.2479248046875,5544735
2023-10-12 18:30:00,933.2537507159111,942.7707343311474,933.2537507159111,941.0448608398438,4421671
2023-10-15 18:30:00,944.7431622956171,945.5321209966937,930.8375168901686,933.5003051757812,1881721
2023-10-16 18:30:00,933.5003506681002,947.0114872846042,932.9579452967827,940.5025024414062,3863410
2023-10-17 18:30:00,939.8614570777147,945.6801407530503,937.543879450961,939.7135009765625,2334392
2023-10-18 18:30:00,932.7606353255136,938.1848091048574,928.3719735925793,929.949951171875,4306963
2023-10-19 18:30:00,924.8709418589913,934.437224160907,924.0819831543746,932.1689453125,3125104
2023-10-22 18:30:00,928.6185596560593,936.015160524795,924.0820018673782,926.3502807617188,2180066
2023-10-24 18:30:00,911.8529200386376,926.695480424769,906.3301488673036,909.8804931640625,6365249
2023-10-25 18:30:00,908.9436058684945,911.8528872489238,887.6413602728843,893.0162353515625,6595332
2023-10-26 18:30:00,898.1938860436366,905.7384428998489,893.9531803113205,901.9907836914062,3508393
2023-10-29 18:30:00,902.1880683635893,919.1016534149405,897.7994063928543,913.480224609375,3686768
2023-10-30 18:30:00,907.6122021877128,910.8173958161339,899.8211522533034,901.7935791015625,5697563
2023-10-31 18:30:00,890.5506865076859,901.9414390638141,883.1047874909052,900.8566284179688,4821458
2023-11-01 18:30:00,907.3163835051998,913.1843656329122,903.7660391254826,911.11328125,6611573
2023-11-02 18:30:00,912.2474246213361,920.827493518675,909.4860390504098,917.9181518554688,3895154
2023-11-05 18:30:00,921.3206416028502,927.7310291988325,917.1785329636305,926.251708984375,2760800
2023-11-06 18:30:00,923.1450485685227,926.0050915293499,919.5947043770105,924.2299194335938,3616946
2023-11-07 18:30:00,928.8157537379462,928.8157537379462,921.5178108068587,923.8353881835938,1808553
2023-11-08 18:30:00,923.8354570439095,924.3778624072252,917.7209215638343,919.49609375,3914416
2023-11-09 18:30:00,916.1922738561013,924.0819812735921,916.1922738561013,922.6026611328125,1345614
2023-11-12 18:30:00,925.0681983988553,927.3364772517135,920.926089949376,922.1095581054688,1656368
2023-11-14 18:30:00,934.9303441097862,939.5655593313472,923.2930375193099,936.9027709960938,4816316
2023-11-15 18:30:00,935.9165790075699,940.749049067278,930.2458515794418,936.458984375,5310736
2023-11-16 18:30:00,935.7192492792958,940.847570928967,932.9578638352231,934.2399291992188,3249469
2023-11-19 18:30:00,935.9165590901432,951.0056127564409,928.9637663432277,948.1456298828125,4646962
2023-11-20 18:30:00,953.6684342144919,962.8895061658721,947.7511533403585,957.46533203125,5704644
2023-11-21 18:30:00,960.8677523229487,962.8401792230035,952.6328940926968,956.3804931640625,3309732
2023-11-22 18:30:00,956.627081047861,967.4754293896409,950.4139481272168,963.1854248046875,2749555
2023-11-23 18:30:00,961.5581133824509,963.6784963766171,957.6132595839587,959.733642578125,2322104
2023-11-27 18:30:00,960.6212031774514,974.3788929044665,957.8105189100116,971.3216552734375,5096984
2023-11-28 18:30:00,982.1699866016216,993.2155289479946,977.2882180466725,981.6768798828125,5647918
2023-11-29 18:30:00,981.2823382714245,1004.1625013130739,979.0140594779771,1000.7107543945312,9934052
2023-11-30 18:30:00,1001.0066063773827,1008.4525055486441,994.3003672600947,1000.7107543945312,5544950
2023-12-03 18:30:00,1021.7170885551609,1029.606795802691,1011.0659356160437,1018.6598510742188,5164902
2023-12-04 18:30:00,1024.4786206887675,1031.529950826312,1008.0087831874522,1016.8847045898438,4266159
2023-12-05 18:30:00,1014.9122104438597,1020.7308937222647,999.4780064762542,1010.3262939453125,4121251
2023-12-06 18:30:00,1001.0066415405273,1005.6418567469901,984.2410130615234,986.2134399414062,13805235
2023-12-07 18:30:00,984.9313421944802,990.158261215946,977.633338900871,986.4599609375,6630766
2023-12-10 18:30:00,982.367182940045,990.7499971752111,978.3730305490866,987.0516967773438,6195119
2023-12-11 18:30:00,985.4737844421647,987.051701875929,973.3926697467267,981.5289306640625,7119331
2023-12-12 18:30:00,979.5072259069219,988.1858923639949,977.830650976947,986.1148681640625,4153219
2023-12-13 18:30:00,992.1307556160752,997.2590777236048,985.3752173913955,991.341796875,6541673
2023-12-14 18:30:00,985.8683015288926,996.9138440381273,974.6254440967956,978.8661499023438,10119597
2023-12-17 18:30:00,981.2823531014303,985.0299520594615,968.609534729305,976.5978393554688,5750263
2023-12-18 18:30:00,981.7261869940402,984.1917206093783,972.3078606221873,974.8226928710938,3912964
2023-12-19 18:30:00,979.2113323582611,979.9509924259523,955.6408074570255,958.1556396484375,3990591
2023-12-20 18:30:00,954.654614673378,968.0177948131771,946.7649071140938,964.4181518554688,4294277
2023-12-21 18:30:00,968.3629742106023,985.1779008619243,962.1004829224306,975.907470703125,4605120
2023-12-25 18:30:00,981.2823188439769,988.6789192372732,976.0061013075674,986.0654296875,2460643
2023-12-26 18:30:00,986.2134182789054,1009.9318991434651,984.2409914423476,1007.1211547851562,4791379
2023-12-27 18:30:00,1009.7839500588487,1027.5850301498538,1008.107375197405,1022.4074096679688,5288328
2023-12-28 18:30:00,1018.9063963473615,1028.8671275909194,1010.2770291137928,1017.9694213867188,4631749
2023-12-31 18:30:00,1017.7228936715331,1017.7228936715331,993.1169169235629,999.08349609375,3804406
2024-01-01 18:30:00,1003.3735521681342,1011.3124979238426,1001.9928293101128,1007.6142578125,6865791
2024-01-02 18:30:00,1017.7229069195852,1022.7033329253317,1007.2690685775741,1020.9281005859375,3604276
2024-01-03 18:30:00,1020.9773798613927,1044.2027526198056,1013.3835851523644,1033.4530029296875,4664043
2024-01-04 18:30:00,1039.2718299091878,1048.9860087642198,1024.6264631883344,1032.1710205078125,4008221
2024-01-07 18:30:00,1035.524134907209,1044.4000560635563,1030.839620963581,1034.5872802734375,4489695
2024-01-08 18:30:00,1042.4276178663692,1053.1773685613894,1033.6010556335234,1049.82421875,3371125
2024-01-09 18:30:00,1052.2403572179799,1058.5029087264575,1040.7510672186897,1048.0489501953125,3111573
2024-01-10 18:30:00,1051.0569423823747,1059.0946057565116,1042.7727256555797,1048.1968994140625,2604325
2024-01-11 18:30:00,1043.5123480923305,1063.6804838450962,1037.101961154325,1061.5107421875,3394013
2024-01-14 18:30:00,1063.1875076729355,1089.4700010352597,1059.7357604364315,1087.2017822265625,3312897
2024-01-15 18:30:00,1091.7382041306525,1101.600337862637,1077.9312169058746,1080.791259765625,5025540
2024-01-16 18:30:00,1076.945149177177,1093.6614199586245,1063.927179045376,1070.2882080078125,4568700
2024-01-17 18:30:00,1060.376629066698,1080.8899165131406,1060.376629066698,1072.0633544921875,4407330
2024-01-18 18:30:00,1075.9588555772568,1120.6836106935739,1074.775447612418,1109.4901123046875,11753391
2024-01-22 18:30:00,1129.214381611615,1156.384609865607,1119.3522472743955,1142.03515625,18194595
2024-01-23 18:30:00,1124.3819600280942,1177.538890467549,1124.3819600280942,1173.544677734375,9546592
2024-01-24 18:30:00,1169.6491325650616,1184.0971834486747,1141.098301809594,1144.550048828125,11424697
2024-01-28 18:30:00,1142.0351199900256,1153.6231274683355,1142.0351199900256,1146.1279296875,4015858
2024-01-29 18:30:00,1146.1280167017399,1164.5701605719744,1138.6328183518679,1142.67626953125,3902023
2024-01-30 18:30:00,1143.021409175492,1158.8501834885712,1130.3978286327495,1154.56005859375,5981966
2024-01-31 18:30:00,1148.988009796964,1154.066912673751,1133.109877194679,1135.328857421875,3606209
2024-02-01 18:30:00,1139.0764964379189,1158.99795930292,1129.510274449626,1134.9344482421875,4969983
2024-02-04 18:30:00,1138.4355597486633,1143.662539591825,1094.6970139446594,1098.1981201171875,7809331
2024-02-05 18:30:00,1109.4901254427007,1140.1613394996843,1107.5176985530247,1118.4154052734375,9863065
2024-02-06 18:30:00,1123.0998253656078,1132.4194934862473,1116.1963318281346,1118.661865234375,2770694
2024-02-07 18:30:00,1128.6226667278795,1130.6936908412158,1100.8113759331113,1126.4036865234375,6519392
2024-02-08 18:30:00,1130.1513026439034,1130.1513026439034,1100.8608100957515,1104.8056640625,4203171
2024-02-11 18:30:00,1107.4191464085875,1113.4350245897435,1095.979094059811,1103.2769775390625,3887976
2024-02-12 18:30:00,1095.6831824048393,1109.49017120202,1088.5824934641016,1102.438720703125,3211554
2024-02-13 18:30:00,1094.6968622727188,1105.693165642393,1089.4698831537632,1100.4661865234375,4653070
2024-02-14 18:30:00,1106.8274275131657,1115.8511844698764,1094.1052496499617,1105.2493896484375,5056712
2024-02-15 18:30:00,1108.5039358956474,1111.5119351222047,1101.4524855355598,1104.55908203125,3091952
2024-02-18 18:30:00,1105.5946838741286,1129.2144488635233,1102.9318352120604,1126.4530029296875,4711035
2024-02-19 18:30:00,1129.2144052898882,1135.723390011462,1119.3522707458717,1128.1788330078125,5397418
2024-02-20 18:30:00,1139.0764908260933,1143.1693005632474,1116.985286320475,1124.1846923828125,4570259
2024-02-21 18:30:00,1121.9163185196064,1123.050487985607,1082.5171420905613,1119.8946533203125,8642368
2024-02-22 18:30:00,1111.4625030795441,1116.245613997575,1099.9238544412117,1110.229736328125,6709844
2024-02-25 18:30:00,1102.6851613345705,1110.3776738900342,1089.1247272952041,1094.7462158203125,3186134
2024-02-26 18:30:00,1097.655593148039,1115.4074356248268,1086.1169436930818,1111.9556884765625,7149094
2024-02-27 18:30:00,1117.7742707941488,1136.7588783901397,1108.0107342387355,1113.1883544921875,5302711
2024-02-28 18:30:00,1103.4248326921595,1122.261484455324,1083.8485208828965,1107.86279296875,13818650
2024-02-29 18:30:00,1112.4488588420677,1125.0230813156816,1101.9950195297185,1113.13916015625,5927490
2024-03-03 18:30:00,1116.3936046571737,1133.4057863535838,1116.3936046571737,1117.8729248046875,5855090
2024-03-04 18:30:00,1117.4291844237036,1163.4853038374815,1117.4291844237036,1152.784912109375,5375008
2024-03-05 18:30:00,1157.7652047342087,1180.1029629382997,1141.394085919773,1177.242919921875,5464839
2024-03-06 18:30:00,1193.1703693426298,1196.868669938014,1173.0515900262626,1183.1602783203125,8903981
2024-03-10 18:30:00,1169.6490675331627,1201.5038078308794,1169.6490675331627,1180.1029052734375,6679208
2024-03-11 18:30:00,1183.4561757188085,1191.3458835569338,1181.286554218279,1187.6475830078125,4249548
2024-03-12 18:30:00,1195.2906943516043,1195.2906943516043,1135.8219755123262,1152.636962890625,7528096
2024-03-13 18:30:00,1157.7651625563362,1183.1601573821938,1147.508639596765,1178.1304931640625,8569080
2024-03-14 18:30:00,1173.5940161533042,1205.9418657618958,1171.4736331390798,1203.180419921875,10115416
2024-03-17 18:30:00,1208.1114364526068,1213.5849690747523,1198.4464968060338,1208.4073486328125,4141080
2024-03-18 18:30:00,1199.432765550153,1223.299203587274,1197.8548480868242,1211.415283203125,7703719
2024-03-19 18:30:00,1211.3166431983411,1221.9184375515933,1206.7800855060536,1214.8177490234375,6596032
2024-03-20 18:30:00,1220.9323063748739,1225.7647765761296,1197.3617797752963,1203.969482421875,9952250
2024-03-21 18:30:00,1210.0344729963163,1227.835672874467,1205.1527648615252,1219.058349609375,7840007
2024-03-25 18:30:00,1208.1114521799027,1216.987373053061,1193.3182507246386,1196.37548828125,10898138
2024-03-26 18:30:00,1193.860764688126,1211.3166949583808,1193.860764688126,1207.914306640625,5779169
2024-03-27 18:30:00,1210.0345889044436,1221.4254028265746,1203.4763655302231,1211.661865234375,10518377
2024-03-31 18:30:00,1211.0700916347114,1214.9163480879006,1191.345823041312,1200.56689453125,5461473
2024-04-01 18:30:00,1208.1114826009014,1210.8235696026586,1186.6119811229273,1191.5924072265625,3625577
2024-04-02 18:30:00,1178.5250535458156,1223.4963620555268,1173.0515208325537,1208.8017578125,9532291
2024-04-03 18:30:00,1214.9656032702455,1216.0011755406229,1184.7382575442073,1190.211669921875,7327626
2024-04-04 18:30:00,1189.2748044431585,1194.6496195048844,1172.558414500141,1174.5802001953125,4227519
2024-04-07 18:30:00,1171.621591946095,1193.8607536518778,1166.7891219085707,1188.09130859375,4827733
2024-04-08 18:30:00,1198.1999676555577,1198.1999676555577,1181.7796102321865,1187.8447265625,3372798
2024-04-09 18:30:00,1196.52343481367,1213.7328108808472,1192.0854744125477,1212.4508056640625,6442196
2024-04-11 18:30:00,1209.196275824134,1214.8670031093752,1202.7366500185933,1208.6539306640625,7877073
2024-04-14 18:30:00,1193.909974792086,1217.973606974979,1193.66342143035,1207.667724609375,4281602
2024-04-15 18:30:00,1207.0266838354057,1216.938056925768,1195.340078353171,1199.6793212890625,5235632
2024-04-17 18:30:00,1203.1804169804218,1264.177695190026,1199.038368617902,1248.2996826171875,19939924
2024-04-18 18:30:00,1262.3532050038789,1278.6257267871322,1236.0705927128452,1271.2291259765625,13103862
2024-04-21 18:30:00,1286.022283205372,1287.4030060531604,1270.4894220393564,1279.6612548828125,7894656
2024-04-22 18:30:00,1291.939527110868,1332.3742756692998,1284.1484173355489,1323.843505859375,12074766
2024-04-23 18:30:00,1333.3604905976906,1335.3329173589298,1315.1649018802093,1317.9755859375,6277492
2024-04-24 18:30:00,1312.6501010793654,1325.2736813859462,1306.0917575637384,1320.243896484375,8512627
2024-04-25 18:30:00,1319.5535551735718,1327.147350348094,1303.774140462976,1307.718994140625,5289771
2024-04-28 18:30:00,1306.2397292639869,1327.443318678238,1301.8017686889111,1314.080078125,3195888
2024-04-29 18:30:00,1304.9083256985014,1316.3977362505912,1301.752370485921,1304.070068359375,5272565
2024-05-01 18:30:00,1297.1171973947226,1301.7031138636721,1275.7656528279133,1286.0716552734375,7995432
2024-05-02 18:30:00,1287.9947425863597,1292.4327030317183,1240.8044539281873,1259.7890625,11290875
2024-05-05 18:30:00,1257.422082209037,1280.548738232754,1255.646849938026,1265.706298828125,5555467
2024-05-06 18:30:00,1268.615651566955,1276.6039564611576,1253.4772991363725,1268.41845703125,5767030
2024-05-07 18:30:00,1258.5562857465543,1281.485747866059,1257.1262040486083,1270.8345947265625,2682816
2024-05-08 18:30:00,1265.311804121669,1277.4422772109124,1252.5403886262889,1257.8658447265625,4809145
2024-05-09 18:30:00,1257.4714030242196,1290.4601920288928,1254.2168507548677,1283.2115478515625,5532513
2024-05-12 18:30:00,1283.2117087114548,1284.9375823218068,1263.7339922517683,1268.22119140625,3703942
2024-05-13 18:30:00,1272.7578282622558,1281.9789000307385,1263.0435293766575,1266.593994140625,3262908
2024-05-14 18:30:00,1263.881816880964,1300.0758001038328,1262.8462446675198,1291.8409423828125,6891004
2024-05-15 18:30:00,1309.6915589616137,1338.1437950317575,1303.083976510364,1326.5557861328125,11932181
2024-05-16 18:30:00,1334.9385503242647,1341.2503407109705,1320.78641088027,1325.9146728515625,6614017
2024-05-20 18:30:00,1337.3054954067675,1343.9624364790357,1317.334672189963,1325.766845703125,5422220
2024-05-21 18:30:00,1323.6462897620243,1332.3742539506213,1311.2200254606848,1329.3170166015625,3026723
2024-05-22 18:30:00,1332.1277470594475,1358.311760925617,1325.7667187986788,1355.1065673828125,7147341
2024-05-23 18:30:00,1356.53664658917,1378.4798965976097,1355.1066851930134,1369.357421875,5622368
2024-05-26 18:30:00,1376.7539368084301,1387.602284448038,1359.0020952163445,1365.2645263671875,6553974
2024-05-27 18:30:00,1365.708383659235,1367.8286461891164,1348.0551394737822,1352.14794921875,2068963
2024-05-28 18:30:00,1336.8123157610053,1371.0832327456567,1336.8123157610053,1358.114501953125,4445083
2024-05-29 18:30:00,1359.7912167759678,1367.3356537123213,1344.702102128481,1358.1639404296875,7100303
2024-05-30 18:30:00,1360.9746328509152,1368.8643408674423,1319.5536657641483,1353.8245849609375,24825643
2024-06-02 18:30:00,1395.787822362337,1400.866724877541,1365.9055092752292,1371.92138671875,6017122
2024-06-03 18:30:00,1371.9215526705361,1377.7402363000324,1202.2435950852018,1281.7816162109375,19924421
2024-06-04 18:30:00,1307.3737761313134,1330.1552808679628,1262.2051556955462,1325.81591796875,12175520
2024-06-05 18:30:00,1340.264049864824,1357.2762315132186,1310.677646998051,1351.7041015625,10279789
2024-06-06 18:30:00,1351.7041193328077,1410.9262846713211,1344.3568773459206,1405.6007080078125,12280748
2024-06-09 18:30:00,1401.4587031456833,1416.8436092380489,1401.4587031456833,1406.3897705078125,5318477
2024-06-10 18:30:00,1406.3403533278047,1414.8217647612814,1393.5195787182245,1407.5731201171875,4416792
2024-06-11 18:30:00,1405.354173630929,1427.889127004306,1402.4941305334312,1418.5694580078125,4876138
2024-06-12 18:30:00,1429.0232114676485,1435.8773464180806,1400.8667708438215,1406.09375,7990376
2024-06-13 18:30:00,1414.2300538746206,1414.2300538746206,1401.3599205013531,1407.7210693359375,3978442
2024-06-17 18:30:00,1424.0921001657716,1424.0921001657716,1398.4505526558617,1408.6578369140625,8671131
2024-06-18 18:30:00,1414.1806273124805,1415.0190049949163,1369.1600828503258,1373.1541748046875,8640918
2024-06-19 18:30:00,1386.566662326162,1387.552875712471,1357.2761729077358,1362.108642578125,8742855
2024-06-20 18:30:00,1365.8562536401241,1404.3185777456931,1353.923095110488,1396.527587890625,43929578
2024-06-23 18:30:00,1382.6711834457599,1404.170683668555,1370.195559888549,1400.225830078125,6195831
2024-06-24 18:30:00,1414.2301644254685,1414.2301644254685,1390.4130842316201,1395.4427490234375,6353748
2024-06-25 18:30:00,1395.4426823885688,1459.546557073419,1389.525401648429,1439.3785400390625,9579826
2024-06-26 18:30:00,1443.8164905588649,1468.4718268047473,1420.1967265902633,1455.453857421875,19675528
2024-06-27 18:30:00,1515.0703049699323,1515.0703049699323,1416.8434764029776,1424.1414794921875,29145832
2024-06-30 18:30:00,1430.0094919322773,1446.5779259247906,1429.2698318502432,1433.954345703125,6011806
2024-07-01 18:30:00,1441.8441118310177,1453.0869696122393,1397.4645051057128,1399.3875732421875,7792632
2024-07-02 18:30:00,1408.2634513723176,1412.6521734684666,1389.0322890481596,1400.275146484375,8261388
2024-07-03 18:30:00,1398.4506044369582,1421.2321099522144,1392.0402173221203,1403.4310302734375,9570938
2024-07-04 18:30:00,1402.8886909027945,1413.8356365750676,1397.316560601344,1409.9893798828125,4881198
2024-07-07 18:30:00,1411.2714479147253,1419.0131994250407,1403.52969640441,1415.3642578125,3261797
2024-07-08 18:30:00,1416.2024148586067,1421.774544537719,1408.4606638966388,1415.7586669921875,2897480
2024-07-09 18:30:00,1421.1334732236005,1428.7766268790363,1406.4882286838856,1425.127685546875,3416762
2024-07-10 18:30:00,1430.0094077210547,1430.8476650205193,1408.31271325908,1418.12548828125,4178558
2024-07-11 18:30:00,1422.1198465163309,1427.642617959305,1401.8531112282892,1413.490478515625,6342135
2024-07-14 18:30:00,1413.490391187128,1420.1473318049636,1406.3897026830555,1417.7803955078125,3324806
2024-07-15 18:30:00,1431.9818878121805,1452.9882818420633,1425.0783938626726,1446.281982421875,6967651
2024-07-17 18:30:00,1445.7889864136769,1465.4638975213081,1438.9348507653756,1463.1956787109375,6470342
2024-07-18 18:30:00,1459.595929937361,1459.595929937361,1431.932594056229,1441.5975341796875,3858596
2024-07-21 18:30:00,1430.009433084453,1451.7061279312516,1429.0725785073832,1445.1971435546875,3560584
2024-07-22 18:30:00,1449.7338080891718,1449.7338080891718,1408.7565900525128,1445.4930419921875,2936143
2024-07-23 18:30:00,1445.7888482155604,1455.2564728030707,1416.7449116638622,1435.1376953125,4529339
2024-07-24 18:30:00,1425.0784546976074,1433.9543758687344,1420.2459846491834,1429.1712646484375,4277756
2024-07-25 18:30:00,1430.2559923593205,1499.0443774426253,1429.1711816899629,1493.5216064453125,9564987
2024-07-28 18:30:00,1503.975486556938,1503.975486556938,1456.6866005608056,1460.92724609375,4589313
2024-07-29 18:30:00,1463.9352039310047,1464.4283106340004,1443.8657851965568,1450.078857421875,4263689
2024-07-30 18:30:00,1457.4754980696648,1483.4129595158647,1452.8403430889193,1470.9866943359375,5634305
2024-07-31 18:30:00,1464.5270085532734,1490.1685588713779,1464.5270085532734,1484.744384765625,4531379
2024-08-01 18:30:00,1473.5014802768655,1484.399186970816,1463.1462391312123,1473.2056884765625,3335905
2024-08-04 18:30:00,1461.568369787859,1467.4856506372025,1431.4888588036958,1445.4930419921875,5111901
2024-08-05 18:30:00,1462.6531062177266,1472.3180459355494,1411.370008129027,1423.6484375,8249573
2024-08-06 18:30:00,1439.9620182043307,1442.8379996148785,1410.8057382521752,1429.7969970703125,5700734
2024-08-07 18:30:00,1423.1030271553045,1454.34187409286,1418.1444800223592,1439.7637939453125,5986360
2024-08-08 18:30:00,1452.8542325699207,1469.7132919239743,1445.2181188152174,1451.961669921875,3615910
2024-08-11 18:30:00,1453.8459980796479,1465.2506563183356,1433.0201004263924,1446.50732421875,4028226
2024-08-12 18:30:00,1455.8293808709282,1466.1431827127315,1438.3256859696467,1447.59814453125,4495208
2024-08-13 18:30:00,1441.0528868298818,1467.829040293595,1441.0528868298818,1459.4986572265625,5891784
2024-08-15 18:30:00,1467.7298715848824,1478.6386746844998,1455.9285058381872,1471.25048828125,7176426
2024-08-18 18:30:00,1474.671955092678,1476.7545207301773,1452.1601989560693,1457.4658203125,4404075
2024-08-19 18:30:00,1467.7299538379389,1472.440573622216,1434.5076879909316,1437.1357421875,10046892
2024-08-20 18:30:00,1440.9538233962949,1454.4410476348723,1435.6977149151705,1451.317138671875,6175510
2024-08-21 18:30:00,1461.4820737350453,1487.4649322833907,1452.8542505000953,1474.0272216796875,6781325
2024-08-22 18:30:00,1480.6221740935323,1497.4812343477788,1467.085316207143,1494.2581787109375,6238112
2024-08-25 18:30:00,1496.489504800467,1508.0924565137798,1492.5226671469204,1501.0018310546875,4307432
2024-08-26 18:30:00,1505.414868633024,1513.6956179082501,1489.547518239,1510.12548828125,3965066
2024-08-27 18:30:00,1515.282328261828,1551.5293552301443,1509.034631681102,1543.4468994140625,6225319
2024-08-28 18:30:00,1552.0252839660698,1558.6696888351357,1533.1331705845757,1552.9178466796875,8036748
2024-08-29 18:30:00,1562.9339985302859,1595.0654069756854,1548.6533591036334,1575.8758544921875,37820442
2024-09-01 18:30:00,1591.6935546081613,1591.6935546081613,1552.5210341053435,1558.322509765625,4890314
2024-09-02 18:30:00,1565.9092212522494,1565.9092212522494,1545.6783242644397,1547.6617431640625,4546295
2024-09-03 18:30:00,1545.0832368835377,1553.0169120408345,1529.2158865689444,1548.950927734375,5213811
2024-09-04 18:30:00,1546.0750225923184,1550.0418603667697,1528.7201073290948,1534.372802734375,5652812
2024-09-05 18:30:00,1539.9264809899037,1542.7031948124218,1517.5137505935581,1526.48876953125,5497805
2024-09-08 18:30:00,1510.6214083067318,1533.9265802057687,1510.6214083067318,1529.860595703125,3912508
2024-09-09 18:30:00,1532.3398273000187,1572.8511327043614,1532.3398273000187,1564.7686767578125,6163457
2024-09-10 18:30:00,1565.3636304646234,1585.644160024583,1561.3967929242822,1564.7191162109375,5994914
2024-09-11 18:30:00,1582.916941982038,1639.097302247129,1576.917051844284,1633.097412109375,12204496
2024-09-12 18:30:00,1637.3122533966011,1641.1799443485638,1617.527698879112,1620.8994140625,5609618
2024-09-15 18:30:00,1620.8994038668964,1639.2460280324376,1616.5854921261139,1621.89111328125,3762063
2024-09-16 18:30:00,1636.3205587342034,1652.2375435015663,1624.9159002945407,1647.97314453125,4223072
2024-09-17 18:30:00,1641.477371829532,1657.0967950829047,1634.1883318562805,1641.179931640625,3171195
2024-09-18 18:30:00,1634.0395229327034,1697.5089242598776,1634.0395229327034,1651.04736328125,8498240
2024-09-19 18:30:00,1657.1464350262888,1709.1120326642626,1652.187887943625,1697.55859375,21646275
2024-09-22 18:30:00,1704.7485306163608,1739.7062884431361,1704.7485306163608,1735.937744140625,5001827
2024-09-23 18:30:00,1737.4748308899004,1752.8959601467361,1731.623721345911,1742.0863037109375,7579205
2024-09-24 18:30:00,1740.9955313468167,1752.2514091209669,1730.5329484785486,1745.8052978515625,4017103
2024-09-25 18:30:00,1755.3256477718326,1764.2510324215198,1731.6734026618167,1756.41650390625,7417423
2024-09-26 18:30:00,1740.6483058195895,1748.8299084418002,1708.2194565766843,1720.2191162109375,7116861
2024-09-29 18:30:00,1699.7898894037503,1718.6323677577009,1690.07108898735,1695.3768310546875,6907288
2024-09-30 18:30:00,1690.8645168244616,1708.5665052962765,1681.9391322781742,1684.61669921875,3649090
2024-10-02 18:30:00,1651.1961537838697,1680.9474358340296,1651.1961537838697,1659.5760498046875,7200276
2024-10-03 18:30:00,1656.2043744726727,1672.716239560555,1616.6351441837319,1627.2960205078125,8576527
2024-10-06 18:30:00,1637.31219276775,1656.1546710612615,1628.8330291123602,1648.2706298828125,5387707
2024-10-07 18:30:00,1648.8160679915902,1665.5759815080908,1638.3039722842311,1643.708740234375,5224335
2024-10-08 18:30:00,1652.9316226564424,1690.467798785298,1647.278927567443,1664.1875,3414614
2024-10-09 18:30:00,1672.617029799058,1684.86461653074,1651.1961312272244,1664.1875,5047657
2024-10-10 18:30:00,1664.187576305186,1676.236870135029,1644.8988762450629,1673.4105224609375,2367678
2024-10-13 18:30:00,1672.0220941797384,1695.8727543260768,1665.4272022775158,1681.54248046875,2069815
2024-10-14 18:30:00,1693.8396276523147,1718.3844349031313,1685.8563186888402,1703.012939453125,5891334
2024-10-15 18:30:00,1705.7401652065914,1727.8056993204557,1702.864183739646,1719.574462890625,3299887
2024-10-16 18:30:00,1722.351340028693,1723.541342912728,1680.352470185237,1687.0465087890625,4373392
2024-10-17 18:30:00,1695.8231174450298,1701.8725207283533,1671.228675271638,1693.69091796875,4154915
2024-10-20 18:30:00,1691.4100446873852,1694.7817598587612,1648.2210511511773,1678.517822265625,3836168
2024-10-21 18:30:00,1677.9722874963065,1698.6990379542221,1673.3608146222061,1678.22021484375,3070057
2024-10-22 18:30:00,1675.9888614644642,1687.2447387780294,1666.1709143365383,1671.82373046875,2764757
2024-10-23 18:30:00,1673.0138321388245,1678.9640888032186,1643.6592568061362,1664.53466796875,3669575
2024-10-24 18:30:00,1667.1626539919503,1670.7824175263368,1642.1219915538793,1652.1878662109375,3434386
2024-10-27 18:30:00,1644.4029739708797,1663.9396008243875,1632.0066064094465,1649.559814453125,2811651
2024-10-28 18:30:00,1636.8163962480994,1654.121677188332,1596.6521647739714,1623.5274658203125,6990747
2024-10-29 18:30:00,1614.3046789789096,1637.3122896223679,1604.3875845535772,1619.80859375,4622628
2024-10-30 18:30:00,1620.453196677562,1625.2134503297918,1588.8672757765003,1599.2305908203125,4921681
2024-10-31 18:30:00,1606.5692007178998,1612.866531089306,1592.0406340429627,1603.048583984375,279441
2024-11-03 18:30:00,1605.726334262962,1610.3873201213667,1560.008554136931,1578.0576171875,6094029
2024-11-04 18:30:00,1570.123975571089,1580.6857053503006,1553.016987679978,1565.314208984375,6473278
2024-11-05 18:30:00,1569.8759869347814,1597.3959229028424,1553.5127817645832,1585.5450439453125,6631728
2024-11-06 18:30:00,1582.718565296283,1595.214200557558,1556.6366807641537,1562.7357177734375,5160994
2024-11-07 18:30:00,1557.9754997056518,1566.4050297804436,1545.9262060341464,1556.8846435546875,3096384
2024-11-10 18:30:00,1548.0584034325336,1568.4875932572072,1538.9347251988436,1547.6121826171875,3664301
2024-11-11 18:30:00,1555.79381090626,1581.7765496942259,1537.2487718266007,1542.7528076171875,4479934
2024-11-12 18:30:00,1546.967551869879,1559.4630663776882,1533.5298407760313,1537.5958251953125,5816699
2024-11-13 18:30:00,1537.1495310547505,1555.0002998024831,1523.811088386004,1537.6453857421875,5139154
2024-11-17 18:30:00,1555.942390635251,1555.942390635251,1516.7698699412754,1524.25732421875,4816078
2024-11-18 18:30:00,1524.2573190174585,1545.0832160242032,1506.7041113922262,1512.8526611328125,6238241
2024-11-20 18:30:00,1525.2490568094568,1529.2655283017389,1498.472903016313,1512.505615234375,7356679
2024-11-21 18:30:00,1520.2905717507851,1561.9423682371082,1507.5966424935457,1556.2896728515625,7640321
2024-11-24 18:30:00,1568.8346766198333,1595.908392348482,1549.5956106194408,1565.6612548828125,12155641
2024-11-25 18:30:00,1576.8180013485198,1591.544862243798,1553.0169749130705,1564.1737060546875,4030593
2024-11-26 18:30:00,1556.1409042638131,1570.619837990379,1541.2652625464616,1564.5704345703125,4982785
2024-11-27 18:30:00,1557.9754743817023,1575.3303889594742,1544.0419088259516,1547.46337890625,6714728
2024-11-28 18:30:00,1538.290116988543,1635.229714428469,1538.290116988543,1613.6600341796875,10775801
2024-12-01 18:30:00,1613.6599398846556,1632.5519309153465,1603.7923589308846,1629.9735107421875,3790108
2024-12-02 18:30:00,1639.1965215609926,1639.1965215609926,1599.776072187385,1607.11474609375,9131055
2024-12-03 18:30:00,1616.238354059703,1616.9821360910237,1569.2809393606492,1570.966796875,8772014
2024-12-04 18:30:00,1586.7350485118698,1608.6022893224847,1572.2064815122776,1601.957763671875,10324005
2024-12-05 18:30:00,1604.585874710944,1611.1807667018509,1581.5782641149153,1584.6029052734375,4296866
2024-12-08 18:30:00,1582.6690244241763,1592.5861182283777,1575.875839379953,1589.263916015625,4264409
2024-12-09 18:30:00,1597.1976891795864,1598.4868388183645,1557.033456805162,1565.5621337890625,14645786
2024-12-10 18:30:00,1574.8344929756463,1574.8344929756463,1558.173726994408,1572.85107421875,3853182
2024-12-11 18:30:00,1565.413296958698,1604.486671756462,1565.413296958698,1597.1976318359375,13120939
2024-12-12 18:30:00,1604.5857779575313,1671.0303064638074,1593.4786813171052,1667.8072509765625,12900707
2024-12-15 18:30:00,1667.807251180467,1673.0137254297294,1646.386352766584,1648.7664794921875,4375126
2024-12-16 18:30:00,1636.8163247292393,1644.8987803535226,1595.1645309463686,1601.908203125,6182486
2024-12-17 18:30:00,1607.957718950532,1609.5444298514833,1582.8674215591093,1588.619384765625,3905144
2024-12-18 18:30:00,1573.2478079753505,1596.4041981301114,1572.3056114154133,1587.0325927734375,5865855
2024-12-19 18:30:00,1596.6521560714723,1608.850230283404,1560.3556157413789,1565.0166015625,9738879
2024-12-22 18:30:00,1572.8510896827163,1594.1232076362628,1565.2644886513433,1573.74365234375,4363599
2024-12-23 18:30:00,1576.8179578613504,1585.545049070309,1561.9423167494508,1570.7685546875,3610076
2024-12-25 18:30:00,1570.7686146769386,1593.5282980240522,1567.9917798066892,1586.2392578125,3400479
2024-12-26 18:30:00,1586.2392296228948,1614.949169131801,1583.0658078775332,1586.5863037109375,2559578
2024-12-29 18:30:00,1591.6935680584866,1599.676877056794,1567.991689468889,1573.74365234375,4438130
2024-12-30 18:30:00,1569.876050062244,1583.9582757456174,1550.388935273378,1574.586669921875,2249626
2024-12-31 18:30:00,1579.793136063459,1593.2308473829798,1570.9173850092022,1582.470703125,1405565
2025-01-01 18:30:00,1586.6359345201176,1606.1725617847092,1575.2312761236258,1596.3546142578125,3728040
2025-01-02 18:30:00,1601.6107360644885,1603.5941549326797,1580.090689767925,1585.5946044921875,3669685
2025-01-05 18:30:00,1582.9169968001856,1596.5033672751379,1554.1077900561047,1575.28076171875,4584188
2025-01-06 18:30:00,1580.7847975210407,1589.7101821996414,1570.9173373274543,1577.660888671875,2830856
2025-01-07 18:30:00,1585.4954295765262,1600.0735095752789,1564.7686785607114,1585.941650390625,3674564
2025-01-08 18:30:00,1586.7350846801287,1606.7675667009034,1579.198117239554,1593.7266845703125,4684859
2025-01-09 18:30:00,1594.668767171449,1611.5278275208984,1578.603122791168,1602.5032958984375,4145892
2025-01-12 18:30:00,1566.9008981935704,1601.3131669647628,1565.016626066365,1583.958251953125,3705039
2025-01-13 18:30:00,1591.3960676641,1619.8582008285803,1565.4133291231879,1586.834228515625,7284572
2025-01-14 18:30:00,1594.7184135262914,1600.470255643723,1579.7931380299403,1594.123291015625,2960985
2025-01-15 18:30:00,1605.6272288932903,1621.4449461526285,1587.2806041203096,1616.6846923828125,5299325
2025-01-16 18:30:00,1616.5855003569166,1625.4117384012577,1609.544387690812,1614.007080078125,2678801
2025-01-19 18:30:00,1624.4200364154299,1631.3620023830172,1604.6849946673472,1627.5439453125,3933044
2025-01-20 18:30:00,1640.2874187370853,1642.9649858098971,1606.8668589309905,1612.6683349609375,7958844
2025-01-21 18:30:00,1614.0070368382655,1627.3951136415324,1609.0981237670446,1618.2218017578125,3262136
2025-01-22 18:30:00,1611.0319869360887,1631.7587384650515,1603.7924595933343,1622.4366455078125,2457080
2025-01-23 18:30:00,1620.5028200642591,1648.1219030954665,1620.5028200642591,1631.1636962890625,3620058
2025-01-26 18:30:00,1625.362089411334,1633.5436920454204,1580.4872386001332,1589.3134765625,6622807
2025-01-27 18:30:00,1594.3216193165626,1616.783861131008,1583.7598901393571,1604.932861328125,5216471
2025-01-28 18:30:00,1606.5692417735918,1613.4120609039126,1579.9418683669626,1587.1812744140625,5009227
2025-01-29 18:30:00,1593.3794629145157,1631.3123479015524,1581.974804683119,1627.147216796875,4283637
2025-01-30 18:30:00,1625.5108240580212,1625.5108240580212,1561.1984948377387,1612.8170166015625,8340866
2025-01-31 18:30:00,1613.511268821351,1630.370329405225,1595.858792257276,1609.7923583984375,2741589
2025-02-02 18:30:00,1606.4700794072216,1647.229311488262,1594.7678600774923,1638.6510009765625,4146970
2025-02-03 18:30:00,1648.369806325564,1654.4688433579638,1615.544249339391,1647.675537109375,6385876
2025-02-04 18:30:00,1656.1547111591876,1661.3115516568514,1635.4279603228454,1646.683837890625,3920893
2025-02-05 18:30:00,1652.0887017540035,1653.477119115643,1599.8751780090004,1606.3212890625,5229162
2025-02-06 18:30:00,1621.494520867708,1693.3934531647135,1621.4448869738474,1662.8487548828125,14873255
2025-02-09 18:30:00,1684.7655138415037,1685.906003879313,1664.1380306643002,1679.013671875,6782878
2025-02-10 18:30:00,1691.8562956698006,1692.500931014039,1672.2204004385974,1682.6829833984375,8965266
2025-02-11 18:30:00,1689.872896818191,1699.492430025827,1670.5345626116448,1697.3603515625,7148192
2025-02-12 18:30:00,1695.823048734932,1714.070525634729,1689.7736456967139,1700.3848876953125,5356002
2025-02-13 18:30:00,1699.7899351304422,1709.8061759974432,1691.112477760319,1702.814697265625,5125863
2025-02-16 18:30:00,1697.5585223514956,1702.6658498434836,1652.4357457970964,1661.65869140625,4906462
2025-02-17 18:30:00,1677.9723057142642,1681.889509423088,1642.0724738380143,1655.0638427734375,7529598
2025-02-18 18:30:00,1656.1547449752838,1659.5760940790167,1624.8662640945047,1631.560302734375,7776555
2025-02-19 18:30:00,1626.254626147329,1636.122207256284,1613.7591119899116,1629.8743896484375,5524503
2025-02-20 18:30:00,1629.8744330069487,1644.9483677790772,1615.6929398668744,1625.65966796875,5447583
2025-02-23 18:30:00,1613.511174849537,1623.973757319966,1584.7516025873142,1588.0242919921875,4673190
2025-02-24 18:30:00,1583.7599475515622,1635.4776181406846,1583.7599475515622,1627.7918701171875,6286808
2025-02-26 18:30:00,1629.7753190712936,1642.270833812559,1625.0646992279303,1636.71728515625,7568745
2025-02-27 18:30:00,1628.3372818952935,1634.7833933159038,1546.5708862217894,1557.18212890625,13640211
2025-03-02 18:30:00,1565.9091795525883,1589.4622783583984,1559.7109956563227,1582.5699462890625,6993525
2025-03-03 18:30:00,1575.8262866626471,1577.3138508099057,1555.0003886010263,1562.2894287109375,5219668
2025-03-04 18:30:00,1564.9174367927353,1612.6186348305923,1564.0248741190308,1604.833740234375,6295425
2025-03-05 18:30:00,1604.5858711625117,1618.221875939078,1577.2642277141515,1613.412109375,5174009
2025-03-06 18:30:00,1615.494684360612,1628.7836151225642,1602.2057535986596,1617.1805419921875,3035558
2025-03-09 18:30:00,1626.4034856746728,1641.1799805793491,1613.1145549337234,1617.428466796875,3778450
2025-03-10 18:30:00,1616.4863098758956,1662.5016499024227,1610.5856874134624,1649.1630859375,6078564
2025-03-11 18:30:00,1675.9888579676951,1702.417937247302,1620.4531324965762,1629.229736328125,9907628
2025-03-12 18:30:00,1637.1139063985204,1643.163309454644,1616.0895947345548,1618.965576171875,8317331
2025-03-16 18:30:00,1598.833904929244,1634.7338591616337,1598.833904929244,1625.560546875,6405522
2025-03-17 18:30:00,1625.560546875,1625.560546875,1625.560546875,1625.560546875,0
2025-03-18 18:30:00,1621.444827000761,1628.4364265129727,1614.0070066934181,1623.5770263671875,6283464
2025-03-19 18:30:00,1646.2375771399904,1695.4759722582721,1632.4527924932477,1691.1124267578125,12074465
2025-03-20 18:30:00,1695.4760559490876,1717.045736111863,1677.9723602490183,1711.4921875,14715349
2025-03-23 18:30:00,1725.5743618261117,1725.5743618261117,1700.6328461202454,1704.5501708984375,4120999
2025-03-24 18:30:00,1710.6986746006844,1726.0701699376762,1691.9553431716658,1716.153076171875,4857399
2025-03-25 18:30:00,1724.7314760545662,1750.3671405587422,1711.8392534895443,1724.136474609375,7142394
2025-03-26 18:30:00,1725.5246911253353,1731.9212892754517,1699.0460990440622,1710.401123046875,6222339
2025-03-27 18:30:00,1718.9300280719228,1731.2767622290205,1646.237677388042,1719.0291748046875,4133264
2025-03-31 18:30:00,1700.781669480624,1750.3671408940534,1694.2859243021528,1709.8558349609375,6773056
2025-04-01 18:30:00,1705.7402225998721,1745.8053078539904,1702.7154604097407,1740.0533447265625,6431226
2025-04-02 18:30:00,1733.5080770555912,1740.4004091446,1721.0620753330531,1731.524658203125,2341989
2025-04-03 18:30:00,1739.954164975184,1756.1190768291567,1725.5743784877857,1728.9957275390625,7817334
2025-04-06 18:30:00,1715.657327978495,1760.036325335164,1655.5597602389971,1672.666748046875,14870388
2025-04-07 18:30:00,1706.4342809992186,1727.8553004445048,1692.6496174698434,1706.1368408203125,7206935
2025-04-08 18:30:00,1705.3931328586782,1712.5333922783918,1697.409823583095,1701.3271484375,5600666
2025-04-10 18:30:00,1745.4085794041125,1752.3505453449245,1717.9877897262502,1742.0367431640625,8340002
2025-04-14 18:30:00,1793.2089346430635,1804.9111542864744,1766.3336334255087,1783.886962890625,10313411
2025-04-15 18:30:00,1787.4570207876448,1811.3571927685562,1779.2257844639905,1807.489501953125,6180958
2025-04-16 18:30:00,1818.79506784495,1881.9669091826656,1810.5638312738126,1873.438232421875,10894325
2025-04-20 18:30:00,1882.6611635747417,1888.5122732911605,1853.1081748053396,1867.7855224609375,3501123
2025-04-21 18:30:00,1872.3473614239613,1872.3473614239613,1821.5718881815376,1836.8441162109375,6155127
2025-04-22 18:30:00,1851.521433311533,1870.2647650162721,1820.8775889127721,1866.0003662109375,6855027
2025-04-23 18:30:00,1858.959253741363,1862.2319431555222,1824.2494250505401,1830.298828125,5180688
2025-04-24 18:30:00,1831.3897047100984,1846.2653457438348,1791.0271804618708,1802.13427734375,4570083
2025-04-27 18:30:00,1820.7785145534906,1823.6544961138422,1798.3659056339327,1806.6962890625,3301891
2025-04-28 18:30:00,1808.5804197114385,1832.4807135652707,1802.5310164648379,1808.6796875,4684155
2025-04-29 18:30:00,1821.7702269427543,1861.3394574990027,1811.8531326208015,1849.042236328125,9139821
2025-05-01 18:30:00,1836.645863591673,1867.9838573549073,1816.9108217312728,1832.8773193359375,3866806
2025-05-04 18:30:00,1852.5132040042204,1857.9676058361385,1833.869018409988,1850.52978515625,3548839
2025-05-05 18:30:00,1872.644962701827,1896.148427739512,1866.9921463230748,1885.2396240234375,8597920
2025-05-06 18:30:00,1885.239594001668,1901.1069446087308,1869.8680981010757,1881.074462890625,5554616
2025-05-07 18:30:00,1881.272710309228,1889.9998013528443,1846.9595896728601,1859.35595703125,5500724
2025-05-08 18:30:00,1839.6209414378845,1855.5874386047467,1821.2743174936254,1833.07568359375,3686209
2025-05-11 18:30:00,1853.4057669450206,1867.7855535947258,1838.6292723140127,1855.2900390625,3936019
2025-05-12 18:30:00,1854.496571926845,1868.0829422390414,1801.5392659286156,1805.506103515625,8817763
2025-05-13 18:30:00,1814.8282769743653,1855.1908027985153,1805.1094760295505,1818.993408203125,7401614
2025-05-14 18:30:00,1834.5632267321403,1854.3974145533252,1809.8696386831102,1851.7197265625,8788351
2025-05-15 18:30:00,1818.7950030308969,1818.7950030308969,1795.0931246357968,1798.9608154296875,100662047
2025-05-18 18:30:00,1806.8944960207482,1813.5389004642545,1794.0022740403588,1803.2252197265625,5799804
2025-05-19 18:30:00,1794.7957609339292,1809.770548999271,1784.581105460745,1793.9031982421875,12512596
2025-05-20 18:30:00,1797.9691415627142,1811.3572184579689,1790.3330276087313,1807.390380859375,6849562
2025-05-21 18:30:00,1804.812016356604,1821.4726621501404,1801.241886619295,1816.2166748046875,6496923
2025-05-22 18:30:00,1809.8696336077833,1826.5303997541675,1806.3986507488094,1816.5140380859375,3460945
2025-05-25 18:30:00,1818.79505409742,1834.6624046238971,1815.7207791445708,1832.083984375,3254715
2025-05-26 18:30:00,1828.7122094805422,1842.1994336685257,1818.4975538133851,1828.513916015625,5847725
2025-05-27 18:30:00,1832.678970068801,1851.5214486571706,1829.8029885989208,1840.7117919921875,3713699
2025-05-28 18:30:00,1842.5961096408364,1851.5214944561042,1835.1582889614467,1848.149658203125,5786774
2025-05-29 18:30:00,1838.6292008609764,1851.521422873486,1827.7203976196222,1840.8109130859375,16712960
2025-06-01 18:30:00,1828.7121527216095,1843.5877938771541,1816.3157850919893,1838.7283935546875,3199499
2025-06-02 18:30:00,1851.5214287655804,1854.0007022374143,1816.8116001599053,1826.0345458984375,5596977
2025-06-03 18:30:00,1839.6209109553906,1868.9754845681452,1834.6623640255916,1859.851806640625,5892170
2025-06-04 18:30:00,1868.3804731686369,1873.3390200719505,1853.1081244947754,1863.2236328125,8999675
2025-06-05 18:30:00,1856.5792184367435,1866.2980193721837,1851.8190857596499,1854.6949462890625,4644174
2025-06-08 18:30:00,1858.463445042735,1859.4551544584463,1833.373148401931,1849.63720703125,3649505
2025-06-09 18:30:00,1851.1247304530432,1860.050114998196,1834.959939967343,1841.7034912109375,7925901
2025-06-10 18:30:00,1842.4969729787406,1851.0256498593915,1832.4807319540828,1844.77783203125,8907265
2025-06-11 18:30:00,1856.3808230050638,1867.3887729729095,1816.4148863444686,1828.910400390625,7346031
2025-06-12 18:30:00,1799.952525301367,1829.3070987475194,1799.952525301367,1825.1419677734375,4613000
2025-06-15 18:30:00,1826.827881095153,1854.4965978631628,1823.5553126750672,1845.8687744140625,5722187
2025-06-16 18:30:00,1863.4219260072807,1863.4219260072807,1832.2822272471274,1839.422607421875,6561555
2025-06-17 18:30:00,1832.2823329288224,1855.4883579832406,1827.8196404590603,1850.4306640625,5069427
2025-06-18 18:30:00,1856.4800514867475,1863.4220174912384,1848.6455227843087,1861.4385986328125,4712312
2025-06-19 18:30:00,1864.4136798927684,1932.8416287824498,1858.4634234675787,1920.6435546875,16228526
2025-06-22 18:30:00,1913.9991306359723,1932.8416091240983,1911.1231491813926,1920.2469482421875,2946463
2025-06-23 18:30:00,1934.7259575561889,1946.7256174869638,1913.1066434878355,1917.5693359375,6837210
2025-06-24 18:30:00,1925.8996376580956,1953.6675006109415,1921.9328000934033,1949.303955078125,4152765
2025-06-25 18:30:00,1953.6675658769398,2001.6663262248617,1949.9982894303303,1997.600341796875,9413241
2025-06-26 18:30:00,1993.3358611340732,2022.095433259888,1991.9474437853098,2010.2940673828125,6405854
2025-06-29 18:30:00,2001.2695922519854,2007.1207019910378,1983.6171163053416,1992.939208984375,5597484
2025-06-30 18:30:00,1992.3441571547958,2013.9634702002932,1990.261591655139,2002.657958984375,3769165
2025-07-01 18:30:00,2020.11202533933,2028.8391163856081,2001.5671081888327,2016.4427490234375,6513288
2025-07-02 18:30:00,2024.8722993688673,2027.9465742942143,1996.2118735251586,2002.558837890625,5558647
2025-07-03 18:30:00,2010.1949970414346,2019.6162365440955,1988.4765365025921,2000.4761962890625,2178315
2025-07-06 18:30:00,2001.2696375863966,2019.1204073963843,1993.9309635639677,2017.037841796875,4165432
2025-07-07 18:30:00,2009.2032064202972,2018.1285908515817,1998.0961097735637,2013.1700439453125,3624619
2025-07-08 18:30:00,2018.128646712418,2023.7813419187191,1981.931253294726,2002.9554443359375,2937734
2025-07-09 18:30:00,2011.7816836964873,2011.7816836964873,1946.0314224882566,1948.213134765625,5695845
2025-07-10 18:30:00,1925.8996432020544,1942.8578496282753,1898.3300736247704,1905.96630859375,13103980
2025-07-13 18:30:00,1899.1234997073275,1911.5198671988896,1884.4461521740072,1904.974609375,5269381
2025-07-14 18:30:00,1908.8423349640334,1926.8913979367326,1907.2555030496296,1918.164306640625,4163140
2025-07-15 18:30:00,1927.8831074944278,1927.8831074944278,1912.809172772721,1920.54443359375,4211258
2025-07-16 18:30:00,1927.585541707482,1928.7756656405695,1911.6190443360201,1913.9000244140625,6256455
2025-07-17 18:30:00,1915.0999755859375,1916.0,1891.800048828125,1901.0,4643961
2025-07-20 18:30:00,1894.800048828125,1919.9000244140625,1892.5999755859375,1909.199951171875,5109654
2025-07-21 18:30:00,1909.199951171875,1911.300048828125,1883.0,1906.800048828125,4513541
2025-07-22 18:30:00,1920.0,1949.0,1907.300048828125,1943.800048828125,5194282
2025-07-23 18:30:00,1943.800048828125,1970.4000244140625,1933.699951171875,1936.0999755859375,4150685
2025-07-24 18:30:00,1936.0999755859375,1952.699951171875,1925.0,1937.9000244140625,3896884
2025-07-27 18:30:00,1930.0,1930.0,1885.0,1890.300048828125,3575044
2025-07-28 18:30:00,1880.0,1923.5999755859375,1880.0,1918.300048828125,3748040
2025-07-29 18:30:00,1934.0,1939.199951171875,1922.0999755859375,1932.5999755859375,5044683
2025-07-30 18:30:00,1913.0,1926.5,1895.5999755859375,1914.300048828125,4674966
2025-07-31 18:30:00,1914.0,1919.699951171875,1878.0,1884.4000244140625,5192594
2025-08-03 18:30:00,1892.0,1919.9000244140625,1878.5,1914.5999755859375,3074380
2025-08-04 18:30:00,1920.0,1937.5999755859375,1912.0999755859375,1931.800048828125,5167672
2025-08-05 18:30:00,1930.0,1964.800048828125,1921.5999755859375,1929.699951171875,5461349
2025-08-06 18:30:00,1928.0999755859375,1933.300048828125,1909.0999755859375,1922.5999755859375,4268534
2025-08-07 18:30:00,1886.300048828125,1893.800048828125,1856.0,1858.5999755859375,93801105
2025-08-10 18:30:00,1863.0,1866.0,1845.699951171875,1857.4000244140625,5266532
2025-08-11 18:30:00,1857.4000244140625,1865.0,1847.0999755859375,1850.300048828125,4645011
2025-08-12 18:30:00,1853.0,1872.5,1851.800048828125,1867.4000244140625,6697206
2025-08-13 18:30:00,1873.0,1883.0,1866.800048828125,1873.800048828125,3958631
2025-08-17 18:30:00,1892.5,1912.5999755859375,1870.300048828125,1892.300048828125,7146376
2025-08-18 18:30:00,1901.0999755859375,1931.800048828125,1900.0,1909.699951171875,5706265
2025-08-19 18:30:00,1937.0,1952.0,1926.0,1928.4000244140625,6962619
2025-08-20 18:30:00,1930.0,1940.9000244140625,1927.699951171875,1929.9000244140625,3376913
2025-08-21 18:30:00,1934.0,1947.699951171875,1917.4000244140625,1933.300048828125,3271920
2025-08-24 18:30:00,1940.0,1940.0999755859375,1913.199951171875,1930.699951171875,2451388
2025-08-25 18:30:00,1922.0999755859375,1925.800048828125,1896.199951171875,1904.699951171875,5984656
2025-08-27 18:30:00,1893.0,1899.800048828125,1878.199951171875,1881.0999755859375,5494113
2025-08-28 18:30:00,1872.5,1900.0999755859375,1872.5,1888.800048828125,4339042
2025-08-31 18:30:00,1889.0,1904.800048828125,1884.199951171875,1900.5999755859375,3421488
2025-09-01 18:30:00,1904.5,1917.5,1878.0,1887.199951171875,4423049
2025-09-02 18:30:00,1891.0,1892.0999755859375,1870.0,1883.9000244140625,3803044
2025-09-03 18:30:00,1899.0,1903.5,1876.5999755859375,1880.4000244140625,5205333
2025-09-04 18:30:00,1887.0,1910.699951171875,1875.699951171875,1895.300048828125,2620140
2025-09-07 18:30:00,1898.0,1899.0,1884.0999755859375,1887.699951171875,2547552
2025-09-08 18:30:00,1892.0,1904.0,1883.0,1893.699951171875,4517793
2025-09-09 18:30:00,1904.0,1905.0,1883.0,1891.4000244140625,3566139
2025-09-10 18:30:00,1884.0,1916.0,1882.0999755859375,1913.0,4718266
2025-09-11 18:30:00,1925.0,1925.0,1901.5999755859375,1902.5999755859375,3192824
2025-09-14 18:30:00,1904.0,1913.0,1898.4000244140625,1904.5,3553258
2025-09-15 18:30:00,1903.300048828125,1942.0,1902.5,1939.5,5427586
2025-09-16 18:30:00,1938.0999755859375,1950.0999755859375,1932.5999755859375,1941.300048828125,4234637
2025-09-17 18:30:00,1944.5,1949.800048828125,1920.5,1941.0999755859375,5080814
2025-09-18 18:30:00,1930.199951171875,1976.800048828125,1927.800048828125,1962.4000244140625,11287603
2025-09-21 18:30:00,1954.0,1966.0,1944.0,1956.199951171875,4469137
2025-09-22 18:30:00,1950.0,1955.0,1930.0999755859375,1938.699951171875,4348633
2025-09-23 18:30:00,1926.0,1937.300048828125,1918.800048828125,1931.0999755859375,5237977
2025-09-24 18:30:00,1930.0,1950.0,1928.800048828125,1935.5999755859375,7133365
2025-09-25 18:30:00,1931.0999755859375,1944.699951171875,1911.9000244140625,1916.5999755859375,3239306
2025-09-28 18:30:00,1928.0,1928.0,1897.5,1902.199951171875,5072608
2025-09-29 18:30:00,1896.0,1907.5999755859375,1875.199951171875,1878.4000244140625,5945625
2025-09-30 18:30:00,1868.0,1877.0,1855.9000244140625,1867.5999755859375,5675393
2025-10-02 18:30:00,1851.199951171875,1900.300048828125,1848.0999755859375,1896.699951171875,5828332
2025-10-05 18:30:00,1892.5999755859375,1907.0,1887.5,1903.0999755859375,2809218
2025-10-06 18:30:00,1900.0,1946.0,1900.0,1929.0,5713060
2025-10-07 18:30:00,1929.0,1962.5999755859375,1927.5999755859375,1943.5,4957406
2025-10-08 18:30:00,1945.0,1948.800048828125,1931.300048828125,1942.0,3945737
2025-10-09 18:30:00,1937.0,1947.5999755859375,1935.4000244140625,1939.9000244140625,2512581
2025-10-12 18:30:00,1937.9000244140625,1965.9000244140625,1936.0,1954.9000244140625,3672419
2025-10-13 18:30:00,1964.0,1964.0,1939.199951171875,1946.5999755859375,4454239
2025-10-14 18:30:00,1957.199951171875,1976.0,1951.5999755859375,1968.5,3447352
2025-10-15 18:30:00,1962.300048828125,1986.9000244140625,1962.0,1967.4000244140625,3700674
2025-10-16 18:30:00,1973.5999755859375,2034.300048828125,1970.300048828125,2012.0,6743801
2025-10-19 18:30:00,2026.0,2057.0,2019.699951171875,2051.5,7387180
2025-10-20 18:30:00,2051.800048828125,2058.5,2038.5,2043.5,240850
2025-10-22 18:30:00,2063.89990234375,2067.0,2003.5999755859375,2007.9000244140625,8790128
2025-10-23 18:30:00,2008.0,2033.0,2006.9000244140625,2029.300048828125,3236799
2025-10-26 18:30:00,2030.0,2094.0,2030.0,2080.10009765625,5796831
2025-10-27 18:30:00,2092.0,2102.60009765625,2071.699951171875,2090.199951171875,9891522
2025-10-28 18:30:00,2083.0,2110.39990234375,2081.60009765625,2100.60009765625,2742750
2025-10-29 18:30:00,2070.0,2088.0,2058.60009765625,2066.300048828125,4222189
2025-10-30 18:30:00,2056.0,2073.800048828125,2051.699951171875,2054.5,4659723
2025-11-02 18:30:00,2055.0,2081.0,2047.199951171875,2074.0,2979629
2025-11-03 18:30:00,2107.0,2135.60009765625,2103.5,2113.300048828125,12263078
2025-11-05 18:30:00,2115.0,2123.300048828125,2080.5,2094.89990234375,9546299
2025-11-06 18:30:00,2048.0,2048.0,1995.5999755859375,2001.199951171875,70392750
2025-11-09 18:30:00,1995.0,2028.800048828125,1992.199951171875,2019.800048828125,7457061
2025-11-10 18:30:00,2020.0999755859375,2056.89990234375,2017.4000244140625,2042.300048828125,14825625
2025-11-11 18:30:00,2060.0,2079.800048828125,2054.89990234375,2073.800048828125,8210277
2025-11-12 18:30:00,2099.89990234375,2107.0,2079.0,2091.800048828125,5958875
2025-11-13 18:30:00,2090.0,2107.89990234375,2081.89990234375,2100.699951171875,6312655
2025-11-16 18:30:00,2112.0,2122.0,2100.89990234375,2112.199951171875,5998770
2025-11-17 18:30:00,2122.0,2159.0,2110.300048828125,2149.199951171875,10972556
2025-11-18 18:30:00,2155.0,2166.199951171875,2146.699951171875,2159.800048828125,7419461
2025-11-19 18:30:00,2153.10009765625,2169.300048828125,2149.89990234375,2158.300048828125,7452899
2025-11-20 18:30:00,2150.10009765625,2174.5,2148.60009765625,2162.699951171875,6720938
2025-11-23 18:30:00,2162.10009765625,2165.800048828125,2140.39990234375,2152.10009765625,9686848
2025-11-24 18:30:00,2159.0,2170.699951171875,2138.699951171875,2161.60009765625,7102592
2025-11-25 18:30:00,2104.0,2134.89990234375,2097.5,2126.800048828125,43174047
2025-11-26 18:30:00,2132.0,2136.89990234375,2103.800048828125,2115.60009765625,4444877
2025-11-27 18:30:00,2118.0,2129.5,2096.39990234375,2101.60009765625,6263457
2025-11-30 18:30:00,2114.699951171875,2119.0,2083.10009765625,2089.699951171875,5058900
2025-12-01 18:30:00,2089.800048828125,2114.800048828125,2087.10009765625,2104.0,6591396
2025-12-02 18:30:00,2100.10009765625,2109.89990234375,2081.60009765625,2086.0,4357641
2025-12-03 18:30:00,2094.800048828125,2108.5,2074.10009765625,2103.800048828125,4611819
2025-12-04 18:30:00,2092.60009765625,2111.89990234375,2090.0,2108.800048828125,2938290
2025-12-07 18:30:00,2114.39990234375,2114.39990234375,2078.89990234375,2086.199951171875,4327091
2025-12-08 18:30:00,2086.800048828125,2100.39990234375,2080.39990234375,2089.699951171875,5139229
2025-12-09 18:30:00,2072.0,2096.89990234375,2062.199951171875,2067.0,3987451
2025-12-10 18:30:00,2066.0,2069.199951171875,2038.0,2053.199951171875,3254850
2025-12-11 18:30:00,2053.10009765625,2087.10009765625,2050.60009765625,2083.39990234375,2706420
2025-12-14 18:30:00,2070.10009765625,2078.89990234375,2061.5,2069.699951171875,3233614
2025-12-15 18:30:00,2070.10009765625,2106.60009765625,2070.10009765625,2102.0,5756692
2025-12-16 18:30:00,2117.60009765625,2128.0,2096.39990234375,2108.0,6412516
2025-12-17 18:30:00,2099.0,2116.60009765625,2088.10009765625,2092.0,3760341
2025-12-18 18:30:00,2113.89990234375,2115.0,2082.0,2097.699951171875,10127415
2025-12-21 18:30:00,2118.0,2151.699951171875,2101.699951171875,2147.60009765625,7670853
2025-12-22 18:30:00,2157.0,2164.0,2119.199951171875,2122.89990234375,4110853
2025-12-23 18:30:00,2111.0,2137.199951171875,2111.0,2123.699951171875,3145464
2025-12-25 18:30:00,2123.0,2123.0,2101.800048828125,2105.39990234375,1297870
2025-12-28 18:30:00,2105.39990234375,2112.699951171875,2079.39990234375,2081.60009765625,2371034
2025-12-29 18:30:00,2077.0,2102.800048828125,2071.60009765625,2099.800048828125,6983390
2025-12-30 18:30:00,2096.0,2121.0,2090.10009765625,2105.60009765625,2991434
2025-12-31 18:30:00,2114.800048828125,2123.89990234375,2107.0,2110.39990234375,2097756
2026-01-01 18:30:00,2108.0,2125.0,2098.0,2106.300048828125,2927138
2026-01-04 18:30:00,2102.10009765625,2112.10009765625,2096.5,2105.0,2642580
2026-01-05 18:30:00,2106.800048828125,2121.800048828125,2087.5,2105.300048828125,9119265
2026-01-06 18:30:00,2095.60009765625,2103.800048828125,2077.0,2084.199951171875,4171371
2026-01-07 18:30:00,2088.0,2092.0,2055.0,2066.300048828125,5534929
2026-01-08 18:30:00,2070.199951171875,2084.0,2023.199951171875,2027.0999755859375,4165409
2026-01-11 18:30:00,2023.5,2048.800048828125,2001.300048828125,2044.0,4689135
2026-01-12 18:30:00,2047.0,2049.89990234375,2014.9000244140625,2026.9000244140625,7388496
2026-01-13 18:30:00,2015.0999755859375,2034.0,2008.699951171875,2022.5,4842964
2026-01-14 18:30:00,2022.5,2022.5,2022.5,2022.5,0
2026-01-15 18:30:00,2020.0,2029.699951171875,1988.699951171875,2016.4000244140625,7310676
2026-01-18 18:30:00,2023.0,2023.0,1996.300048828125,2010.0,4272071
2026-01-19 18:30:00,2018.0,2018.0,1977.0999755859375,1996.0,6076838
2026-01-20 18:30:00,1977.0,2007.0999755859375,1967.0,1996.0999755859375,7952295
2026-01-21 18:30:00,2008.800048828125,2018.9000244140625,1990.0,2002.199951171875,6722567
2026-01-22 18:30:00,2009.0,2011.699951171875,1980.0999755859375,1984.699951171875,4340925
2026-01-26 18:30:00,1972.0999755859375,2003.800048828125,1962.699951171875,1973.4000244140625,10510891
2026-01-27 18:30:00,1995.0,1995.0,1939.0,1957.699951171875,9426909
2026-01-28 18:30:00,1964.0,1970.5,1939.0,1967.9000244140625,6065044
2026-01-29 18:30:00,1925.5999755859375,1974.0,1925.5999755859375,1968.699951171875,7683747
2026-02-01 18:30:00,1936.0999755859375,1969.800048828125,1926.5,1965.4000244140625,5326225
2026-02-02 18:30:00,2050.0,2050.0,1980.0999755859375,1997.300048828125,6915795
2026-02-03 18:30:00,2008.0,2034.5999755859375,1998.4000244140625,2025.800048828125,7464725
2026-02-04 18:30:00,2012.0,2022.9000244140625,1985.0,1992.4000244140625,7708690
2026-02-05 18:30:00,1994.0,2049.699951171875,1988.5,2038.4000244140625,13870403
2026-02-08 18:30:00,2051.199951171875,2055.199951171875,2028.699951171875,2038.199951171875,7570161
2026-02-09 18:30:00,2052.0,2057.0,2008.4000244140625,2011.300048828125,9077763
2026-02-10 18:30:00,2012.9000244140625,2021.0,1996.699951171875,2012.0999755859375,7423601
2026-02-11 18:30:00,2019.199951171875,2027.0,2009.0999755859375,2014.5,7437690
2026-02-12 18:30:00,2013.9000244140625,2024.199951171875,1992.0,2004.699951171875,4808543
2026-02-15 18:30:00,2010.0,2032.199951171875,1995.0,2029.4000244140625,3455964
2026-02-16 18:30:00,2028.0,2038.5,2014.199951171875,2020.300048828125,4471158
2026-02-17 18:30:00,2020.0999755859375,2028.5999755859375,2015.0,2021.800048828125,2182669
2026-02-18 18:30:00,2032.0,2032.0,1974.800048828125,1988.5999755859375,4712417
2026-02-19 18:30:00,1981.0999755859375,1993.699951171875,1971.0,1977.4000244140625,5180301
2026-02-22 18:30:00,1994.0,2000.5,1983.9000244140625,1997.300048828125,3728878
2026-02-23 18:30:00,1997.300048828125,1997.300048828125,1921.800048828125,1941.0,10006761
2026-02-24 18:30:00,1955.0,1961.800048828125,1904.0,1913.4000244140625,8285195
2026-02-25 18:30:00,1914.0,1935.0,1904.5,1929.5999755859375,10795028
2026-02-26 18:30:00,1910.0,1915.0,1870.0999755859375,1879.300048828125,13754648
2026-03-01 18:30:00,1850.0999755859375,1895.9000244140625,1847.9000244140625,1873.199951171875,11785758
2026-03-03 18:30:00,1861.0999755859375,1920.0,1815.300048828125,1905.9000244140625,20565585
2026-03-04 18:30:00,1919.0,1929.0999755859375,1897.199951171875,1907.0,11398717
2026-03-05 18:30:00,1900.0,1902.0999755859375,1867.0999755859375,1870.800048828125,10896859
2026-03-08 18:30:00,1831.0,1872.4000244140625,1818.0999755859375,1866.699951171875,8073518
2026-03-09 18:30:00,1880.800048828125,1881.0,1846.5,1850.4000244140625,11741600
2026-03-10 18:30:00,1841.0,1847.699951171875,1799.5,1807.0,9548404
2026-03-11 18:30:00,1797.9000244140625,1817.800048828125,1791.0,1801.300048828125,12922735
2026-03-12 18:30:00,1781.0999755859375,1816.0,1776.5999755859375,1803.4000244140625,8970772
2026-03-15 18:30:00,1798.0,1804.9000244140625,1770.9000244140625,1788.800048828125,14261268
2026-03-16 18:30:00,1797.0,1834.5,1791.0999755859375,1827.0,7181491
2026-03-17 18:30:00,1826.800048828125,1869.0,1826.800048828125,1855.4000244140625,6428092
2026-03-18 18:30:00,1826.5999755859375,1861.300048828125,1816.300048828125,1827.0,7145082
2026-03-19 18:30:00,1834.0,1860.9000244140625,1834.0,1846.0999755859375,7691633
2026-03-22 18:30:00,1827.0,1830.0,1792.0,1795.9000244140625,6874051
2026-03-23 18:30:00,1816.300048828125,1826.800048828125,1781.0,1802.0999755859375,7535860
2026-03-24 18:30:00,1814.0,1849.199951171875,1810.0999755859375,1834.9000244140625,12473682
2026-03-26 18:30:00,1839.9000244140625,1856.9000244140625,1818.4000244140625,1843.9000244140625,24490425
2026-03-29 18:30:00,1818.0,1824.5,1774.5,1782.4000244140625,14240129
2026-03-31 18:30:00,1811.0,1817.300048828125,1776.5,1781.9000244140625,10694662
2026-04-01 18:30:00,1765.0,1799.4000244140625,1746.9000244140625,1789.699951171875,10857093
2026-04-05 18:30:00,1812.0999755859375,1814.300048828125,1763.4000244140625,1792.800048828125,8183498
2026-04-06 18:30:00,1788.0999755859375,1840.0,1772.0,1830.300048828125,10057628
2026-04-07 18:30:00,1864.0,1871.5,1840.199951171875,1861.5999755859375,11587604
2026-04-08 18:30:00,1869.9000244140625,1869.9000244140625,1846.0999755859375,1859.4000244140625,10113053
2026-04-09 18:30:00,1868.0,1874.5999755859375,1859.9000244140625,1870.0,5857988
2026-04-12 18:30:00,1838.0,1893.699951171875,1838.0,1870.9000244140625,10371983
2026-04-14 18:30:00,1880.5,1890.9000244140625,1853.5999755859375,1855.699951171875,11049107
2026-04-15 18:30:00,1863.5,1864.9000244140625,1823.199951171875,1840.5999755859375,15871247
2026-04-16 18:30:00,1837.0999755859375,1851.4000244140625,1829.699951171875,1846.9000244140625,7344787
2026-04-19 18:30:00,1865.0,1865.0,1839.199951171875,1846.0999755859375,9243641
2026-04-20 18:30:00,1830.0,1868.9000244140625,1830.0,1855.0,10485373
2026-04-21 18:30:00,1850.199951171875,1857.9000244140625,1825.300048828125,1829.0,5687058
2026-04-22 18:30:00,1821.800048828125,1846.0,1812.0999755859375,1841.199951171875,7489947
2026-04-23 18:30:00,1845.0,1850.699951171875,1807.300048828125,1814.5,6306448
2026-04-26 18:30:00,1816.0999755859375,1828.4000244140625,1814.0,1820.0999755859375,4413769
2026-04-27 18:30:00,1826.0,1852.0,1812.5999755859375,1843.800048828125,10558455
2026-04-28 18:30:00,1848.0,1900.4000244140625,1845.4000244140625,1888.0999755859375,7713013
2026-04-29 18:30:00,1860.0,1906.0,1860.0,1886.800048828125,12709188
2026-04-30 18:30:00,1886.800048828125,1886.800048828125,1886.800048828125,1886.800048828125,0
2026-05-03 18:30:00,1873.199951171875,1895.300048828125,1821.699951171875,1827.0999755859375,10707858
2026-05-04 18:30:00,1828.0,1846.0,1802.5,1811.800048828125,3618297
